[
   {
      "ID":68,
      "Status":3,
      "Ended":false,
      "Timer": 86400,
      "Modifier":0
   },
   {
      "ID":32,
      "Status":3,
      "Ended":false,
      "Timer": 86400,
      "Modifier":0
   },
   {
      "ID":17,
      "Status":3,
      "Ended":false,
      "Timer": 86400,
      "Modifier":0
   },
   {
      "ID":0,
      "Status":3,
      "Ended":false,
      "Timer": 86400,
      "Modifier":0
   },
   {
      "ID":38,
      "Status":3,
      "Ended":false,
      "Timer": 86400,
      "Modifier":0
   },
   {
      "ID":24,
      "Status":3,
      "Ended":false,
      "Timer": 86400,
      "Modifier":0
   },
   {
      "ID": 202,
      "Status":3,
      "Ended":false,
      "Timer": 86400,
      "Modifier":0
   },
   {
      "ID":97,
      "Status":3,
      "Ended":false,
      "Timer": 86400,
      "Modifier":0
   }
]