{
   "GoldPacks":[
      {
         "Cost":20,
         "Amount":150
      },
      {
         "Cost":50,
         "Amount":400
      },
      {
         "Cost":140,
         "Amount":1200
      },
      {
         "Cost":280,
         "Amount":2600
      }
   ],
   "Boxes":[
      {
         "Cost":30,
         "Multiplier":3
      },
      {
         "Cost":80,
         "Multiplier":10
      }
   ],
   "TokenDoubler":[
      {
         "Cost":50,
         "Amount":1000
      }
   ],

   "Offers": [
      {
         "OfferID": 6,
         "DataReference": [16,0],
         "ShopType": 0,
         "ShopDisplay": 0,
         "Cost": 1,
         "Timer": 86400,
         "Multiplier": 1,
         "OfferText": "Unlock all brawlers",
         "Metadata": "FullBrawlers"
      }
   ]
}