Name,IconSWF,IconExportName,LocalizedName,SortOrder,Enabled,FileName,TestLanguage,UsedSystemFont,PreferedFallbackFont,ForcedFontFullName,HelpshiftSDKLanguage,HelpshiftSDKLanguageAndroid,TestExcludes,LoadAllLanguages,ChampionshipRegisterUrl,TermsAndServiceUrl,ParentsGuideUrl,PrivacyPolicyUrl,LaserboxUrl,LaserboxStagingUrl,LaserboxCommunityUrl,LaserboxCommunityStagingUrl,LaserboxLangCode,FaqUrl_ios,FaqUrl_android,ContactUsUrl_ios,ContactUsUrl_android,LaserboxEnabled,IsRTL,isNounAdj,SeparateThousandsWithSpaces,SelfHelpUrl,FallbackToHelpshift
String,String,String,String,int,Boolean,String,Boolean,String,String,String,String,String,String,Boolean,String,String,String,String,String,String,String,String,String,String,String,String,String,Boolean,Boolean,Boolean,Boolean,String,Boolean
EN,sc/ui.sc,flag_gb,English,0,true,localization/texts.csv,,,,,en,,,,http://www.supr.cl/bsc,http://supercell.com/en/terms-of-service/,http://www.supercell.com/en/parents/,http://www.supercell.com/en/privacy-policy/,https://inbox.brawlstars.com/,https://staging.inbox.brawlstars.com/,https://inbox.brawlstars.com/community/,https://staging.inbox.brawlstars.com/community/,,https://supercell.helpshift.com/a/brawl-stars/?p=ios&l=en,https://supercell.helpshift.com/a/brawl-stars/?p=android&l=en,https://supercell.helpshift.com/a/brawl-stars/?p=ios&contact=1&l=en,https://supercell.helpshift.com/a/brawl-stars/?p=android&contact=1&l=en,,,,,https://ingame.help.supercellsupport.com/brawl-stars/en/index.html,
CN,sc/ui.sc,flag_gb,简体中文,5,true,localization/cn.csv,,STHeitiSC-Medium,,,zh-Hans,zh_CN,,,http://www.supr.cl/bsc,http://supercell.com/en/terms-of-service/cn,http://www.supercell.com/en/parents/cn,http://www.supercell.com/en/privacy-policy/cn,https://inbox.brawlstars.com/,https://testbrawlstars.scinbox.qq.com/,https://inbox.brawlstars.com/community/,https://staging.inbox.brawlstars.com/community/,,https://supercell.helpshift.com/a/brawl-stars/?p=ios&l=zh,https://supercell.helpshift.com/a/brawl-stars/?p=android&l=zh,https://supercell.helpshift.com/a/brawl-stars/?p=ios&contact=1&l=zh,https://supercell.helpshift.com/a/brawl-stars/?p=android&contact=1&l=zh,,,,,https://ingame.help.supercellsupport.com/brawl-stars/zh/index.html,TRUE
AR,sc/ui.sc,flag_gb,العربية,18,true,localization/ar.csv,,,,,ar,,,,http://www.supr.cl/bsc,http://supercell.com/en/terms-of-service/ar/,http://www.supercell.com/en/parents/ar/,http://www.supercell.com/en/privacy-policy/ar/,https://inbox.brawlstars.com/,https://staging.inbox.brawlstars.com/ar/,https://inbox.brawlstars.com/ar/community/,https://staging.inbox.brawlstars.com/ar/community/,ar,https://supercell.helpshift.com/a/brawl-stars/?p=ios&l=ar,https://supercell.helpshift.com/a/brawl-stars/?p=android&l=ar,https://supercell.helpshift.com/a/brawl-stars/?p=ios&contact=1&l=ar,https://supercell.helpshift.com/a/brawl-stars/?p=android&contact=1&l=ar,,TRUE,,,https://ingame.help.supercellsupport.com/brawl-stars/ar/index.html,
FR,sc/ui.sc,flag_gb,Français,1,true,localization/fr.csv,,,,,fr,,,,http://www.supr.cl/bsc,http://supercell.com/en/terms-of-service/fr,http://www.supercell.com/en/parents/,http://www.supercell.com/en/privacy-policy/fr,https://inbox.brawlstars.com/fr/,https://staging.inbox.brawlstars.com/fr/,https://inbox.brawlstars.com/fr/community/,https://staging.inbox.brawlstars.com/fr/community/,fr,https://supercell.helpshift.com/a/brawl-stars/?p=ios&l=fr,https://supercell.helpshift.com/a/brawl-stars/?p=android&l=fr,https://supercell.helpshift.com/a/brawl-stars/?p=ios&contact=1&l=fr,https://supercell.helpshift.com/a/brawl-stars/?p=android&contact=1&l=fr,,,TRUE,TRUE,https://ingame.help.supercellsupport.com/brawl-stars/fr/index.html,
DOUBLE,sc/ui.sc,flag_gb,Double,101,false,localization/texts.csv,TRUE,,,,en,,,,http://www.supr.cl/bsc,http://supercell.com/en/terms-of-service/,http://www.supercell.com/en/parents/,http://www.supercell.com/en/privacy-policy/,https://inbox.brawlstars.com/,https://staging.inbox.brawlstars.com/,https://inbox.brawlstars.com/community/,https://staging.inbox.brawlstars.com/community/,,https://supercell.helpshift.com/a/brawl-stars/?p=ios&l=en,https://supercell.helpshift.com/a/brawl-stars/?p=android&l=en,https://supercell.helpshift.com/a/brawl-stars/?p=ios&contact=1&l=en,https://supercell.helpshift.com/a/brawl-stars/?p=android&contact=1&l=en,,,,,https://ingame.help.supercellsupport.com/brawl-stars/en/index.html,
EMPTY,sc/ui.sc,flag_gb,Empty,102,false,localization/texts.csv,TRUE,,,,en,,,,http://www.supr.cl/bsc,http://supercell.com/en/terms-of-service/,http://www.supercell.com/en/parents/,http://www.supercell.com/en/privacy-policy/,https://inbox.brawlstars.com/,https://staging.inbox.brawlstars.com/,https://inbox.brawlstars.com/community/,https://staging.inbox.brawlstars.com/community/,,https://supercell.helpshift.com/a/brawl-stars/?p=ios&l=en,https://supercell.helpshift.com/a/brawl-stars/?p=android&l=en,https://supercell.helpshift.com/a/brawl-stars/?p=ios&contact=1&l=en,https://supercell.helpshift.com/a/brawl-stars/?p=android&contact=1&l=en,,,,,https://ingame.help.supercellsupport.com/brawl-stars/en/index.html,
DOUBLEDOUBLE,sc/ui.sc,flag_gb,DoubleDouble,103,false,localization/texts.csv,TRUE,,,,en,,,,http://www.supr.cl/bsc,http://supercell.com/en/terms-of-service/,http://www.supercell.com/en/parents/,http://www.supercell.com/en/privacy-policy/,https://inbox.brawlstars.com/,https://staging.inbox.brawlstars.com/,https://inbox.brawlstars.com/community/,https://staging.inbox.brawlstars.com/community/,,https://supercell.helpshift.com/a/brawl-stars/?p=ios&l=en,https://supercell.helpshift.com/a/brawl-stars/?p=android&l=en,https://supercell.helpshift.com/a/brawl-stars/?p=ios&contact=1&l=en,https://supercell.helpshift.com/a/brawl-stars/?p=android&contact=1&l=en,,,,,https://ingame.help.supercellsupport.com/brawl-stars/en/index.html,
TEXT,sc/ui.sc,flag_gb,Longest text,104,false,localization/texts.csv,TRUE,,,,en,,CN,TRUE,http://www.supr.cl/bsc,http://supercell.com/en/terms-of-service/,http://www.supercell.com/en/parents/,http://www.supercell.com/en/privacy-policy/,https://inbox.brawlstars.com/,https://staging.inbox.brawlstars.com/,https://inbox.brawlstars.com/community/,https://staging.inbox.brawlstars.com/community/,,https://supercell.helpshift.com/a/brawl-stars/?p=ios&l=en,https://supercell.helpshift.com/a/brawl-stars/?p=android&l=en,https://supercell.helpshift.com/a/brawl-stars/?p=ios&contact=1&l=en,https://supercell.helpshift.com/a/brawl-stars/?p=android&contact=1&l=en,,,,,https://ingame.help.supercellsupport.com/brawl-stars/en/index.html,
,,,,,,,,,,,,,CNT,,,,,,,,,,,,,,,,,,,,
,,,,,,,,,,,,,KR,,,,,,,,,,,,,,,,,,,,
,,,,,,,,,,,,,AR,,,,,,,,,,,,,,,,,,,,
,,,,,,,,,,,,,JP,,,,,,,,,,,,,,,,,,,,
,,,,,,,,,,,,,TH,,,,,,,,,,,,,,,,,,,,
WORD,sc/ui.sc,flag_gb,Longest Word,105,false,localization/texts.csv,TRUE,,,,en,,CN,TRUE,http://www.supr.cl/bsc,http://supercell.com/en/terms-of-service/,http://www.supercell.com/en/parents/,http://www.supercell.com/en/privacy-policy/,https://inbox.brawlstars.com/,https://staging.inbox.brawlstars.com/,https://inbox.brawlstars.com/community/,https://staging.inbox.brawlstars.com/community/,,https://supercell.helpshift.com/a/brawl-stars/?p=ios&l=en,https://supercell.helpshift.com/a/brawl-stars/?p=android&l=en,https://supercell.helpshift.com/a/brawl-stars/?p=ios&contact=1&l=en,https://supercell.helpshift.com/a/brawl-stars/?p=android&contact=1&l=en,,,,,https://ingame.help.supercellsupport.com/brawl-stars/en/index.html,
,,,,,,,,,,,,,CNT,,,,,,,,,,,,,,,,,,,,
,,,,,,,,,,,,,KR,,,,,,,,,,,,,,,,,,,,
,,,,,,,,,,,,,AR,,,,,,,,,,,,,,,,,,,,
,,,,,,,,,,,,,JP,,,,,,,,,,,,,,,,,,,,
,,,,,,,,,,,,,TH,,,,,,,,,,,,,,,,,,,,
DE,sc/ui.sc,flag_gb,Deutsch,2,true,localization/de.csv,,,,,de,,,,http://www.supr.cl/bsc,http://supercell.com/en/terms-of-service/de,http://www.supercell.com/en/parents/,http://www.supercell.com/en/privacy-policy/de,https://inbox.brawlstars.com/de/,https://staging.inbox.brawlstars.com/de/,https://inbox.brawlstars.com/de/community/,https://staging.inbox.brawlstars.com/de/community/,de,https://supercell.helpshift.com/a/brawl-stars/?p=ios&l=de,https://supercell.helpshift.com/a/brawl-stars/?p=android&l=de,https://supercell.helpshift.com/a/brawl-stars/?p=ios&contact=1&l=de,https://supercell.helpshift.com/a/brawl-stars/?p=android&contact=1&l=de,,,,TRUE,https://ingame.help.supercellsupport.com/brawl-stars/de/index.html,
ES,sc/ui.sc,flag_gb,Español,3,true,localization/es.csv,,,,,es,,,,http://www.supr.cl/bsc,http://supercell.com/en/terms-of-service/es,http://www.supercell.com/en/parents/,http://www.supercell.com/en/privacy-policy/es,https://inbox.brawlstars.com/es/,https://staging.inbox.brawlstars.com/es/,https://inbox.brawlstars.com/es/community/,https://staging.inbox.brawlstars.com/es/community/,es,https://supercell.helpshift.com/a/brawl-stars/?p=ios&l=es,https://supercell.helpshift.com/a/brawl-stars/?p=android&l=es,https://supercell.helpshift.com/a/brawl-stars/?p=ios&contact=1&l=es,https://supercell.helpshift.com/a/brawl-stars/?p=android&contact=1&l=es,,,,,https://ingame.help.supercellsupport.com/brawl-stars/es/index.html,
IT,sc/ui.sc,flag_gb,Italiano,4,true,localization/it.csv,,,,,it,,,,http://www.supr.cl/bsc,http://supercell.com/en/terms-of-service/it,http://www.supercell.com/en/parents/,http://www.supercell.com/en/privacy-policy/it,https://inbox.brawlstars.com/it/,https://staging.inbox.brawlstars.com/it/,https://inbox.brawlstars.com/it/community/,https://staging.inbox.brawlstars.com/it/community/,it,https://supercell.helpshift.com/a/brawl-stars/?p=ios&l=it,https://supercell.helpshift.com/a/brawl-stars/?p=android&l=it,https://supercell.helpshift.com/a/brawl-stars/?p=ios&contact=1&l=it,https://supercell.helpshift.com/a/brawl-stars/?p=android&contact=1&l=it,,,,,https://ingame.help.supercellsupport.com/brawl-stars/it/index.html,
JP,sc/ui.sc,flag_gb,日本語,7,true,localization/jp.csv,,HiraKakuProN-W6,,,ja,,,,http://www.supr.cl/bsc,http://supercell.com/en/terms-of-service/jp,http://www.supercell.com/en/parents/jp,http://www.supercell.com/en/privacy-policy/jp,https://inbox.brawlstars.com/ja/,https://staging.inbox.brawlstars.com/ja/,https://inbox.brawlstars.com/ja/community/,https://staging.inbox.brawlstars.com/ja/community/,ja,https://supercell.helpshift.com/a/brawl-stars/?p=ios&l=ja,https://supercell.helpshift.com/a/brawl-stars/?p=android&l=ja,https://supercell.helpshift.com/a/brawl-stars/?p=ios&contact=1&l=ja,https://supercell.helpshift.com/a/brawl-stars/?p=android&contact=1&l=ja,,,,,https://ingame.help.supercellsupport.com/brawl-stars/ja/index.html,
CNT,sc/ui.sc,flag_gb,繁體中文,6,true,localization/cnt.csv,,STHeitiSC-Medium,,,zh-Hant,zh_TW,,,http://www.supr.cl/bsc,http://supercell.com/en/terms-of-service/tw,http://www.supercell.com/en/parents/tw,http://www.supercell.com/en/privacy-policy/tw,https://inbox.brawlstars.com/zh/,https://staging.inbox.brawlstars.com/zh/,https://inbox.brawlstars.com/community/,https://staging.inbox.brawlstars.com/community/,zh,https://supercell.helpshift.com/a/brawl-stars/?p=ios&l=zh-hant,https://supercell.helpshift.com/a/brawl-stars/?p=android&l=zh-hant,https://supercell.helpshift.com/a/brawl-stars/?p=ios&contact=1&l=zh-hant,https://supercell.helpshift.com/a/brawl-stars/?p=android&contact=1&l=zh-hant,,,,,https://ingame.help.supercellsupport.com/brawl-stars/zh/index.html,
KR,sc/ui.sc,flag_gb,한국어,8,true,localization/kr.csv,,,,,ko,,,,http://www.supr.cl/bsc,http://supercell.com/en/terms-of-service/ko,http://www.supercell.com/en/parents/ko,http://www.supercell.com/en/privacy-policy/ko,https://inbox.brawlstars.com/ko/,https://staging.inbox.brawlstars.com/ko/,https://inbox.brawlstars.com/ko/community/,https://staging.inbox.brawlstars.com/ko/community/,ko,https://supercell.helpshift.com/a/brawl-stars/?p=ios&l=ko,https://supercell.helpshift.com/a/brawl-stars/?p=android&l=ko,https://supercell.helpshift.com/a/brawl-stars/?p=ios&contact=1&l=ko,https://supercell.helpshift.com/a/brawl-stars/?p=android&contact=1&l=ko,,,,,https://ingame.help.supercellsupport.com/brawl-stars/ko/index.html,
NL,sc/ui.sc,flag_gb,Nederlands,11,true,localization/nl.csv,,,,,nl,,,,http://www.supr.cl/bsc,http://supercell.com/en/terms-of-service/,http://www.supercell.com/en/parents/,http://www.supercell.com/en/privacy-policy/,https://inbox.brawlstars.com/,https://staging.inbox.brawlstars.com/nl/,https://inbox.brawlstars.com/nl/community/,https://staging.inbox.brawlstars.com/nl/community/,nl,https://supercell.helpshift.com/a/brawl-stars/?p=ios&l=nl,https://supercell.helpshift.com/a/brawl-stars/?p=android&l=nl,https://supercell.helpshift.com/a/brawl-stars/?p=ios&contact=1&l=nl,https://supercell.helpshift.com/a/brawl-stars/?p=android&contact=1&l=nl,,,,,https://ingame.help.supercellsupport.com/brawl-stars/nl/index.html,
PT,sc/ui.sc,flag_gb,Português,9,true,localization/pt.csv,,,,,pt,pt_Br,,,http://www.supr.cl/bsc,http://supercell.com/en/terms-of-service/pt,http://www.supercell.com/en/parents/,http://www.supercell.com/en/privacy-policy/pt,https://inbox.brawlstars.com/pt/,https://staging.inbox.brawlstars.com/pt/,https://inbox.brawlstars.com/pt/community/,https://staging.inbox.brawlstars.com/pt/community/,pt,https://supercell.helpshift.com/a/brawl-stars/?p=ios&l=pt,https://supercell.helpshift.com/a/brawl-stars/?p=android&l=pt,https://supercell.helpshift.com/a/brawl-stars/?p=ios&contact=1&l=pt,https://supercell.helpshift.com/a/brawl-stars/?p=android&contact=1&l=pt,,,,,https://ingame.help.supercellsupport.com/brawl-stars/pt/index.html,
RU,sc/ui.sc,flag_gb,Pусский,10,true,localization/ru.csv,,,,,ru,,,,http://www.supr.cl/bsc,http://supercell.com/en/terms-of-service/ru,http://www.supercell.com/en/parents/,http://www.supercell.com/en/privacy-policy/ru,https://t.me/s/lborig,https://staging.inbox.brawlstars.com/ru/,https://inbox.brawlstars.com/ru/community/,https://staging.inbox.brawlstars.com/ru/community/,ru,https://supercell.helpshift.com/a/brawl-stars/?p=ios&l=ru,https://supercell.helpshift.com/a/brawl-stars/?p=android&l=ru,https://supercell.helpshift.com/a/brawl-stars/?p=ios&contact=1&l=ru,https://supercell.helpshift.com/a/brawl-stars/?p=android&contact=1&l=ru,,,,TRUE,https://ingame.help.supercellsupport.com/brawl-stars/ru/index.html,
TR,sc/ui.sc,flag_gb,Türkçe,12,true,localization/tr.csv,,,,,tr,,,,http://www.supr.cl/bsc,http://supercell.com/en/terms-of-service/tr,http://www.supercell.com/en/parents/,http://www.supercell.com/en/privacy-policy/tr,https://inbox.brawlstars.com/,https://staging.inbox.brawlstars.com/tr/,https://inbox.brawlstars.com/tr/community/,https://staging.inbox.brawlstars.com/tr/community/,tr,https://supercell.helpshift.com/a/brawl-stars/?p=ios&l=tr,https://supercell.helpshift.com/a/brawl-stars/?p=android&l=tr,https://supercell.helpshift.com/a/brawl-stars/?p=ios&contact=1&l=tr,https://supercell.helpshift.com/a/brawl-stars/?p=android&contact=1&l=tr,,,,,https://ingame.help.supercellsupport.com/brawl-stars/tr/index.html,
ID,sc/ui.sc,flag_gb,Bahasa Indonesia,17,true,localization/id.csv,,,,,id,,,,http://www.supr.cl/bsc,http://supercell.com/en/terms-of-service/,http://www.supercell.com/en/parents/id,http://www.supercell.com/en/privacy-policy/,https://inbox.brawlstars.com/id/,https://staging.inbox.brawlstars.com/id/,https://inbox.brawlstars.com/id/community/,https://staging.inbox.brawlstars.com/id/community/,id,https://supercell.helpshift.com/a/brawl-stars/?p=ios&l=id,https://supercell.helpshift.com/a/brawl-stars/?p=android&l=id,https://supercell.helpshift.com/a/brawl-stars/?p=ios&contact=1&l=id,https://supercell.helpshift.com/a/brawl-stars/?p=android&contact=1&l=id,,,,,https://ingame.help.supercellsupport.com/brawl-stars/id/index.html,
MS,sc/ui.sc,flag_gb,Bahasa Melayu,14,true,localization/ms.csv,,,,,ms,,,,http://www.supr.cl/bsc,http://supercell.com/en/terms-of-service/,http://www.supercell.com/en/parents/ms,http://www.supercell.com/en/privacy-policy/,https://inbox.brawlstars.com/,https://staging.inbox.brawlstars.com/ms/,https://inbox.brawlstars.com/ms/community/,https://staging.inbox.brawlstars.com/ms/community/,ms,https://supercell.helpshift.com/a/brawl-stars/?p=ios&l=ms,https://supercell.helpshift.com/a/brawl-stars/?p=android&l=ms,https://supercell.helpshift.com/a/brawl-stars/?p=ios&contact=1&l=ms,https://supercell.helpshift.com/a/brawl-stars/?p=android&contact=1&l=ms,,,,,https://ingame.help.supercellsupport.com/brawl-stars/ms/index.html,
VI,sc/ui.sc,flag_gb,Tiếng Việt,15,true,localization/vi.csv,,,,,vi,,,,http://www.supr.cl/bsc,http://supercell.com/en/terms-of-service/,http://www.supercell.com/en/parents/,http://www.supercell.com/en/privacy-policy/,https://inbox.brawlstars.com/,https://staging.inbox.brawlstars.com/vi/,https://inbox.brawlstars.com/vi/community/,https://staging.inbox.brawlstars.com/vi/community/,vi,https://supercell.helpshift.com/a/brawl-stars/?p=ios&l=vi,https://supercell.helpshift.com/a/brawl-stars/?p=android&l=vi,https://supercell.helpshift.com/a/brawl-stars/?p=ios&contact=1&l=vi,https://supercell.helpshift.com/a/brawl-stars/?p=android&contact=1&l=vi,,,,,https://ingame.help.supercellsupport.com/brawl-stars/vi/index.html,
TH,sc/ui.sc,flag_gb,ภาษาไทย,16,true,localization/th.csv,,HelveticaNeue-Bold,,,th,,,,http://www.supr.cl/bsc,http://supercell.com/en/terms-of-service/,http://www.supercell.com/en/parents/,http://www.supercell.com/en/privacy-policy/,https://inbox.brawlstars.com/,https://staging.inbox.brawlstars.com/th/,https://inbox.brawlstars.com/th/community/,https://staging.inbox.brawlstars.com/th/community/,th,https://supercell.helpshift.com/a/brawl-stars/?p=ios&l=th,https://supercell.helpshift.com/a/brawl-stars/?p=android&l=th,https://supercell.helpshift.com/a/brawl-stars/?p=ios&contact=1&l=th,https://supercell.helpshift.com/a/brawl-stars/?p=android&contact=1&l=th,,,,,https://ingame.help.supercellsupport.com/brawl-stars/th/index.html,
FI,sc/ui.sc,flag_gb,Suomi,13,true,localization/fi.csv,,,,,fi,,,,http://www.supr.cl/bsc,http://supercell.com/en/terms-of-service/fi/,http://supercell.com/en/parents/fi/,http://supercell.com/en/privacy-policy/fi/,https://inbox.brawlstars.com/,https://staging.inbox.brawlstars.com/fi/,https://inbox.brawlstars.com/fi/community/,https://staging.inbox.brawlstars.com/fi/community/,fi,https://supercell.helpshift.com/a/brawl-stars/?p=ios&l=fi,https://supercell.helpshift.com/a/brawl-stars/?p=android&l=fi,https://supercell.helpshift.com/a/brawl-stars/?p=ios&contact=1&l=fi,https://supercell.helpshift.com/a/brawl-stars/?p=android&contact=1&l=fi,,,,TRUE,https://ingame.help.supercellsupport.com/brawl-stars/fi/index.html,
TEXT_ASIA,sc/ui.sc,flag_gb,Longest text Asia,106,false,localization/texts.csv,TRUE,,,,en,,EN,TRUE,http://www.supr.cl/bsc,http://supercell.com/en/terms-of-service/,http://www.supercell.com/en/parents/,http://www.supercell.com/en/privacy-policy/,https://inbox.brawlstars.com/,https://staging.inbox.brawlstars.com/,https://inbox.brawlstars.com/community/,https://staging.inbox.brawlstars.com/community/,,https://supercell.helpshift.com/a/brawl-stars/?p=ios&l=en,https://supercell.helpshift.com/a/brawl-stars/?p=android&l=en,https://supercell.helpshift.com/a/brawl-stars/?p=ios&contact=1&l=en,https://supercell.helpshift.com/a/brawl-stars/?p=android&contact=1&l=en,,,,,https://ingame.help.supercellsupport.com/brawl-stars/en/index.html,
,,,,,,,,,,,,,ES,,,,,,,,,,,,,,,,,,,,
,,,,,,,,,,,,,AR,,,,,,,,,,,,,,,,,,,,
,,,,,,,,,,,,,TR,,,,,,,,,,,,,,,,,,,,
,,,,,,,,,,,,,ID,,,,,,,,,,,,,,,,,,,,
,,,,,,,,,,,,,MS,,,,,,,,,,,,,,,,,,,,
,,,,,,,,,,,,,VI,,,,,,,,,,,,,,,,,,,,
,,,,,,,,,,,,,NL,,,,,,,,,,,,,,,,,,,,
,,,,,,,,,,,,,FI,,,,,,,,,,,,,,,,,,,,
,,,,,,,,,,,,,RU,,,,,,,,,,,,,,,,,,,,
,,,,,,,,,,,,,PT,,,,,,,,,,,,,,,,,,,,
,,,,,,,,,,,,,TH,,,,,,,,,,,,,,,,,,,,
WORD_ASIA,sc/ui.sc,flag_gb,Longest Word Asia,107,false,localization/texts.csv,TRUE,,,,en,,EN,TRUE,http://www.supr.cl/bsc,http://supercell.com/en/terms-of-service/,http://www.supercell.com/en/parents/,http://www.supercell.com/en/privacy-policy/,https://inbox.brawlstars.com/,https://staging.inbox.brawlstars.com/,https://inbox.brawlstars.com/community/,https://staging.inbox.brawlstars.com/community/,,https://supercell.helpshift.com/a/brawl-stars/?p=ios&l=en,https://supercell.helpshift.com/a/brawl-stars/?p=android&l=en,https://supercell.helpshift.com/a/brawl-stars/?p=ios&contact=1&l=en,https://supercell.helpshift.com/a/brawl-stars/?p=android&contact=1&l=en,,,,,https://ingame.help.supercellsupport.com/brawl-stars/en/index.html,
,,,,,,,,,,,,,DE,,,,,,,,,,,,,,,,,,,,
,,,,,,,,,,,,,FR,,,,,,,,,,,,,,,,,,,,
,,,,,,,,,,,,,IT,,,,,,,,,,,,,,,,,,,,
,,,,,,,,,,,,,ES,,,,,,,,,,,,,,,,,,,,
,,,,,,,,,,,,,AR,,,,,,,,,,,,,,,,,,,,
,,,,,,,,,,,,,TR,,,,,,,,,,,,,,,,,,,,
,,,,,,,,,,,,,ID,,,,,,,,,,,,,,,,,,,,
,,,,,,,,,,,,,MS,,,,,,,,,,,,,,,,,,,,
,,,,,,,,,,,,,VI,,,,,,,,,,,,,,,,,,,,
,,,,,,,,,,,,,NL,,,,,,,,,,,,,,,,,,,,
,,,,,,,,,,,,,FI,,,,,,,,,,,,,,,,,,,,
,,,,,,,,,,,,,RU,,,,,,,,,,,,,,,,,,,,
,,,,,,,,,,,,,PT,,,,,,,,,,,,,,,,,,,,
,,,,,,,,,,,,,TH,,,,,,,,,,,,,,,,,,,,
PL,sc/ui.sc,flag_gb,Polski,19,true,localization/pl.csv,,,,,pl,,,,http://www.supr.cl/bsc,http://supercell.com/en/terms-of-service/,http://www.supercell.com/en/parents/,http://www.supercell.com/en/privacy-policy/,https://inbox.brawlstars.com/pl/,https://staging.inbox.brawlstars.com/pl/,https://inbox.brawlstars.com/pl/community/,https://staging.inbox.brawlstars.com/pl/community/,pl,https://supercell.helpshift.com/a/brawl-stars/?p=ios&l=en,https://supercell.helpshift.com/a/brawl-stars/?p=android&l=en,https://supercell.helpshift.com/a/brawl-stars/?p=ios&contact=1&l=en,https://supercell.helpshift.com/a/brawl-stars/?p=android&contact=1&l=en,,,,,https://ingame.help.supercellsupport.com/brawl-stars/en/index.html,
HE,sc/ui.sc,flag_gb,עברית,20,true,localization/he.csv,,,,,iw,,,,http://www.supr.cl/bsc,http://supercell.com/en/terms-of-service/,http://www.supercell.com/en/parents/,http://www.supercell.com/en/privacy-policy/,https://inbox.brawlstars.com/,https://staging.inbox.brawlstars.com/,https://inbox.brawlstars.com/community/,https://staging.inbox.brawlstars.com/community/,he,https://supercell.helpshift.com/a/brawl-stars/?p=ios&l=en,https://supercell.helpshift.com/a/brawl-stars/?p=android&l=en,https://supercell.helpshift.com/a/brawl-stars/?p=ios&contact=1&l=en,https://supercell.helpshift.com/a/brawl-stars/?p=android&contact=1&l=en,,TRUE,,,https://ingame.help.supercellsupport.com/brawl-stars/en/index.html,
,,,,,,,,,,,,,,,,,,,,,,,,,,,,,,,,,