Name,BehaviorType,CanMoveAtSameTime,Targeted,CanAutoShoot,FaceMovement,Cooldown,ActiveTime,CastingTime,CastingRange,RangeVisual,RangeInputScale,MaxCastingRange,ForceValidTile,RechargeTime,MaxCharge,Damage,MsBetweenAttacks,Spread,AttackPattern,NumBulletsInOneAttack,TwoGuns,ExecuteFirstAttackImmediately,ChargePushback,ChargeSpeed,ChargeType,NumSpawns,MaxSpawns,BreakInvisibilityOnAttack,SeeInvisibilityDistance,AlwaysCastAtMaxRange,Projectile,SummonedCharacter,AreaEffectObject,AreaEffectObject2,SpawnedItem,IconSWF,IconExportName,LargeIconSWF,LargeIconExportName,ButtonSWF,ButtonExportName,AttackEffect,UseEffect,EndEffect,LoopEffect,LoopEffect2,ChargeMoveSound,MultiShot,SkillCanChange,ShowTimerBar,SecondaryProjectile,ChargedShotCount,DamageModifier
string,String,boolean,boolean,boolean,boolean,int,int,int,int,int,int,int,int,int,int,int,int,int,int,int,boolean,boolean,int,int,int,int,int,boolean,int,boolean,string,string,string,string,string,string,string,string,string,string,string,string,string,string,string,string,string,boolean,boolean,boolean,string,int,int
ShotgunGirlWeapon,Attack,true,true,true,,2,150,,70,,,,,1,500,100000,100,10,,5,,true,,,,,,,,,ShotgunGirlProjectile,,,,,,,,,sc/ui.sc,rapid_fire_button,shelly_def_atk,,,,,,,,,,,
ShotgunGirlUlti,Attack,true,true,true,,2,150,,70,,,,,,,10000,100,100,,9,,true,,,,,,,,,ShotgunGirlUltiProjectile,,,,,,skillicon_megablast,,,sc/ui.sc,rapid_fire_button,shelly_def_ulti,,,,,,,,,,,
GunslingerWeapon,Attack,true,true,true,,50,650,,70,,,,,1,500,100000,100,0,,1,true,true,,,,,,,,,GunslingerProjectile,,,,,,,,,sc/ui.sc,rapid_fire_button,colt_def_atk,,,,,,,,,,,
GunslingerUlti,Attack,true,true,true,,50,1250,,70,,,,,,,10000,100,0,,1,true,true,,,,,,,,,GunslingerUltiProjectile,,,,,,skillicon_bullet_storm,,,sc/ui.sc,rapid_fire_button,colt_def_ulti,Dummy_effect,,,,,,,,,,
BullDudeWeapon,Attack,true,true,true,,250,150,,70,,,,,1,500,100000,100,90,,5,,true,,,,,,,,,BullDudeProjectile,,,,,,,,,sc/ui.sc,rapid_fire_button,bull_def_atk,,,,,,,,,,,
BullDudeUlti,Charge,,true,true,,50,,,70,,,,,,,10000,,,,,,,130,1800,1,,,,,true,,,,,,,skillicon_powercharge,,,sc/ui.sc,charge_button,,bull_dude_ulti,,bull_dude_ulti_loop,,Rhinostep,,,,,,
RocketGirlWeapon,Attack,true,true,true,,250,150,,70,,,,,1,500,100000,100,,,1,,true,,,,,,,,,RocketGirlProjectile,,,,,,,,,sc/ui.sc,rapid_fire_button,brock_def_atk,,,,,,,,,,,
RocketGirlUlti,Attack,true,true,true,,250,1850,,70,,,,,,,10000,200,210,,1,,true,,,,,,,,,RocketGirlUltiProjectile,,,,,,skillicon_bigger_granade,,,sc/ui.sc,plasma_bomb_button,brock_def_ulti,,,,,,,,,,,
TrickshotDudeWeapon,Attack,true,true,true,,50,800,,70,,,,,1,500,100000,150,15,1,1,,true,,,,,,,,,TrickshotDudeProjectile,,,,,,,,,sc/ui.sc,rapid_fire_button,rico_def_atk,,,,,,,,,,,
TrickshotDudeUlti,Attack,true,true,true,,50,1250,,70,,,,,,,10000,100,20,1,1,,true,,,,,,,,,TrickshotDudeUltiProjectile,,,,,,skillicon_bullet_storm,,,sc/ui.sc,rapid_fire_button,rico_def_ulti,,,,,,,,,,,
CactusWeapon,Attack,true,true,true,,250,150,,70,,,,,1,500,100000,100,,,1,,true,,,,,,,,,CactusProjectile,,,,,,,,,sc/ui.sc,rapid_fire_button,cactus_attack,,,,,,,,,,,
CactusUlti,Attack,true,true,true,,250,150,,70,,,,,,,10000,100,0,,1,,true,,,,,,,,,CactusUltiProjectile,,,,,,skillicon_bigger_granade,,,sc/ui.sc,plasma_bomb_button,cactus_attack_ulti,,,,,,,,,,,
BarkeepWeapon,Attack,true,true,true,,250,150,,70,,,,,1,500,100000,100,0,,1,,true,,,,,,,,,BarkeepProjectile,,,,,,,,,sc/ui.sc,plasma_bomb_button,barkeep_attack,,,,,,,,,,,
BarkeepUlti,Attack,true,true,true,,250,1050,,70,,,,,,,10000,200,100,,1,,true,,,,,,,,,BarkeepUltiProjectile,,,,,,skillicon_bigger_granade,,,sc/ui.sc,plasma_bomb_button,barkeep_attack_ulti,,,,,,,,,,,
MechanicWeapon,Attack,true,true,true,,250,150,,70,,,,,1,500,100000,100,0,,1,,true,,,,,,,,,MechanicProjectile1,,,,,,,,,sc/ui.sc,rapid_fire_button,mechanic_attack,,,,,,,,,,,
MechanicUlti,Attack,true,true,true,,50,250,,70,,,,,,,10000,200,,,1,,true,,,,1,1,,,,MechanicUltiProjectile,MechanicTurret,,,,,skillicon_build_bigger_turret,,,sc/ui.sc,turret_button,mechanic_ulti,,,,,,,,,,,
ShamanWeapon,Attack,true,true,true,,250,150,,70,,,,,1,500,100000,100,0,,1,,true,,,,,,,,,ShamanProjectile,,,,,,,,,sc/ui.sc,rapid_fire_button,shaman_attack,,,,,,,,,,,
ShamanUlti,Attack,true,true,true,,50,250,,70,,,,,,,10000,200,,,1,,true,,,,1,1,,,,ShamanUltiProjectile,ShamanPet,,,,,skillicon_build_bigger_turret,,,sc/ui.sc,turret_button,shaman_ulti,,,,,,,,,,,
TntDudeWeapon,Attack,true,true,true,,250,150,,70,,,,,1,500,100000,100,30,,2,,true,,,,,,,,,TntDudeProjectile,,,,,,,,,sc/ui.sc,plasma_bomb_button,tnt_attack,,,,,,,,,,,
TntDudeUlti,Attack,true,true,true,,250,150,,70,,,,,,,10000,100,0,,1,,true,,,,,,,,,TntDudeUltiProjectile,,,,,,skillicon_dynamite_ulti,,,sc/ui.sc,plasma_bomb_button,tnt_attack_ulti,,,,,,,,,,,
LuchadorWeapon,Attack,true,true,true,,50,650,,70,,,,,1,500,100000,150,0,,1,true,true,,,,,,,,,PrimoDefProjectile,,,,,,,,,sc/ui.sc,rapid_fire_button,luchador_attack,,,,,,,,,,,
LuchadorUlti,Charge,,true,true,,50,,,70,,,,,,,10000,,,,,,,130,1600,3,,,,,,,,,,,,skillicon_hammer_ulti,,,sc/ui.sc,charge_button,,luchador_ulti,luchador_ulti_ground_hit,,,,,,,,,
UndertakerWeapon,Charge,,true,true,,0,,,70,,,,,1,500,100000,,,,,,,,2700,4,,,,,true,,,,,,,skillicon_powercharge,,,sc/ui.sc,charge_button,,mortis_def_atk,,,,,,,,,,
UndertakerUlti,Attack,true,true,true,,0,200,,70,,,,,,,10000,150,,,1,,true,,,,,,,,,UndertakerUltiProjectile,,,,,,skillicon_powercharge,,,sc/ui.sc,rapid_fire_button,undertaker_attack_ulti,Dummy_effect,,,,,,,,,,
CrowWeapon,Attack,true,true,true,,250,150,,70,,,,,1,500,100000,100,45,,3,,true,,,,,,,,,CrowProjectile,,,,,,,,,sc/ui.sc,rapid_fire_button,crow_attack,,,,,,,,,,,
CrowUlti,Charge,,true,true,,50,,,70,,,,,,,10000,,,,,,,0,3000,2,,,,,,,,CrowUltiKnifes,,,,skillicon_hammer_ulti,,,sc/ui.sc,charge_button,,crow_ulti,,,,,,,,,,
DeadMariachiWeapon,Attack,true,true,true,,250,150,,70,,,,,1,500,100000,100,130,,4,,true,,,,,,,,,DeadMariachiProjectile,,,,,,,,,sc/ui.sc,rapid_fire_button,poco_def_atk_direct,poco_def_atk_root,,,,,,,,,,
DeadMariachiUlti,Attack,true,true,true,,250,150,,70,,,,,,,10000,100,130,,3,,true,,,,,,,,,DeadMariachiUltiProjectile,,,,,,skillicon_powercharge,,,sc/ui.sc,rapid_fire_button,poco_def_atk_direct,poco_def_ulti_root,,,,,,,,,,
BowDudeWeapon,Attack,true,true,true,,50,650,,70,,,,,1,500,100000,200,30,2,1,,true,,,,,,,,,BowDudeProjectile,,,,,,,,,sc/ui.sc,rapid_fire_button,bow_dude_attack,,,,,,,,,,,
BowDudeUlti,Attack,true,true,true,,50,250,,70,,,,,,,10000,200,,,1,,true,,,,1,1,,,,BowDudeSpawnMineProjectile,,,,BoxOfMines,,skillicon_build_bigger_turret,,,sc/ui.sc,button_mine,bo_def_ulti_attack,,,,,,,,,,,
SniperWeapon,Attack,true,true,true,,500,150,,70,,,,,1,500,100000,100,,,1,,true,,,,,,,,,SniperProjectile,,,,,,,,,sc/ui.sc,rapid_fire_button,sniper_attack,,,,,,,,,,,
SniperUlti,Charge,,true,true,,50,,,70,,,,,,,10000,,,,,,,0,1500,6,1,1,,,,,,,,BoxOfBombs,,skillicon_hammer_ulti,,,sc/ui.sc,charge_button,,sniper_ulti,sniper_landing_smoke_ring,,,,,,,,,
MinigunDudeWeapon,Attack,true,true,true,,50,950,,70,,,,,1,500,100000,100,60,3,1,,true,,,,,,,,,MinigunDudeProjectile,,,,,,,,,sc/ui.sc,rapid_fire_button,pam_def_atk,,,,,,,,,,,
MinigunDudeUlti,Attack,true,true,true,,50,250,,70,,,,,,,10000,200,,,1,,true,,,,1,1,,,,MinigunDudeUltiProjectile,HealingStation,,,,,skillicon_build_bigger_turret,,,sc/ui.sc,button_mine,minigun_ulti,,,,,,,,,,,
BlackHoleWeapon,Attack,true,true,true,,250,150,,70,,,,,1,500,100000,100,50,,3,,true,,,,,,,,,BlackHoleProjectile,,,,,,,,,sc/ui.sc,rapid_fire_button,tara_def_atk,,,,,,,,,,,
BlackHoleUlti,Attack,true,true,true,,250,150,,70,,,,,,,10000,100,0,,1,,true,,,,,,,,,BlackHoleUltiProjectile,,,,,,skillicon_bullet_storm,,,sc/ui.sc,rapid_fire_button,blackhole_ulti,,,,,,,,,,,
BarrelBotWeapon,Attack,true,true,true,,50,550,,70,,,,,1,500,100000,250,80,,5,true,true,,,,,,,,,BarrelBotProjectile,,,,,,,,,sc/ui.sc,rapid_fire_button,darryl_def_atk,,,,,,,,,,,
BarrelBotUlti,Charge,,true,true,,50,,,70,,,,,,,10000,,,,,,,70,2400,7,,,,,true,,,,,,,skillicon_powercharge,,,sc/ui.sc,charge_button,,barrel_bot_ulti,,barrel_bot_ulti_loop,,Barrelbot_step,,,,,,
ArtilleryDudeWeapon,Attack,true,true,true,,250,150,,70,,,,,1,500,100000,100,0,,1,,true,,,,,,,,,ArtilleryDudeProjectile,,,,,,,,,sc/ui.sc,rapid_fire_button,penny_def_atk,,,,,,,,,,,
ArtilleryDudeUlti,Attack,true,true,true,,50,250,,70,,,,,,,10000,200,,,1,,true,,,,1,1,,,,ArtilleryDudeUltiProjectile,ArtilleryDudeTurret,,,,,skillicon_build_bigger_turret,,,sc/ui.sc,turret_button,artillery_dude_ulti,,,,,,,,,,,
Warp,Blink,true,true,,,250,,,70,,,,,,,100000,,,,,,,,,,,,,,,,,,,,sc/ui.sc,item_icon_teleport,,,sc/ui.sc,button_teleport,,,,,,,,,,,,
SupplyCrate,Attack,true,true,,,250,,,70,,,,,,,10000,,,,,,,,,,,,,,,,,,,SupplyCrate,,,,,sc/ui.sc,button_mine,,,,,,,,,,,,
Bow,Attack,true,true,,,250,150,,70,,,40,,,,100000,100,0,,,,true,,,,,,,,,,,,,,,,,,sc/ui.sc,rapid_fire_button,laser_attack,,,,,,,,,,,
DummySkillForLaserBall,Attack,true,true,,,250,150,,70,,,,,,,10000,100,,,1,,true,,,,,,,,,DummyProjectileForLaserBall,,,,,,,,,,,laser_ball_throw,,,,,,,,,,,
DummyUltiSkillForLaserBall,Attack,true,true,,,250,150,,70,,,,,,,100000,100,,,1,,true,,,,,,,,,DummyProjectileForLaserBall,,,,,,,,,,,laser_ball_throw_ulti,,,,,,,,,,,
BossRapidFire,Attack,,true,,,50,1850,1250,70,,,,,5000,1,10000,300,90,3,1,,true,,,,,,,,,BossProjectile,,,,,,,,,sc/ui.sc,rapid_fire_button,coop_boss_ranged_attack,coop_boss_skill_warning,,,,,,,,,,
BossCharge,Charge,,true,,,50,,1000,70,,,,,,,10000,,,,,,,130,1800,1,,,,,true,,,,,,,skillicon_powercharge,,,sc/ui.sc,charge_button,,,,bull_dude_ulti_loop,,Rhinostep,,,,,,
MeleeEnemyCharge,Charge,,true,,,50,,,70,,,,,,,10000,,,,,,,130,2400,1,,,,,true,,,,,,,skillicon_powercharge,,,sc/ui.sc,charge_button,,,,bull_dude_ulti_loop,,Rhinostep,,,,,,
HammerDudeWeapon,Attack,,true,true,,50,700,,70,,,,,1,500,1300,600,130,,4,,,,,,,,,,,HammerDudeProjectile,,,,,,,,,sc/ui.sc,rapid_fire_button,hammer_dude_attack,hammer_dude_start_attack,,,,,,,,,,
HammerDudeUlti,Attack,,true,true,,50,1200,,70,,,,,,,1200,1100,130,,4,,,,,,,,,,,HammerDudeUltiProjectile,,,,,,,,,sc/ui.sc,rapid_fire_button,hammer_dude_ulti,hammer_dude_start_ulti,,,,,,,,,,
HookWeapon,Attack,true,true,true,,250,150,,70,,,,,1,500,1080,100,0,,1,,true,,,,,,,,,HookProjectile,,,,,,,,,sc/ui.sc,rapid_fire_button,gene_def_atk,,,,,,,,,,,
HookUlti,Attack,true,true,true,,250,150,,70,,,,,,,100000,100,,,1,,true,,,,,,,,,HookUltiProjectile,,,,,,,,,sc/ui.sc,rapid_fire_button,gene_def_ulti,,,,,,,,,,,
ClusterBombDudeWeapon,Attack,true,true,true,,250,150,,70,,,,,1,500,10000,100,0,,1,,true,,,,,,,,,ClusterBombProjectile,,,,,,skillicon_dynamite_ulti,,,sc/ui.sc,plasma_bomb_button,tick_def_atk,,,,,,,,,,,
ClusterBombDudeUlti,Attack,true,true,true,,50,250,,70,,,,,,,100000,200,,,1,,true,,,,1,1,,,,ClusterBombSummonProjectile,ClusterBombPet,,,,,skillicon_build_bigger_turret,,,sc/ui.sc,turret_button,tick_attack_ulti,tick_def_ulti,,,,,,,,,,
BoneThrowerWeapon,Attack,true,true,true,,250,150,,70,,,,,1,500,10000,100,0,,1,,true,,,,,,,,,BoneThrowerProjectile,,,,,,,,,sc/ui.sc,plasma_bomb_button,bonethrower_attack,,,,,,,,,,,
BoneThrowerUlti,Attack,true,true,true,,250,150,,70,,,,,,,100000,500,,,1,,true,,,,,,,,,BoneThrowerUltiProjectile,,,,,,skillicon_bigger_granade,,,sc/ui.sc,plasma_bomb_button,bonethrower_ulti,,,,,,,,,,,
NinjaWeapon,Attack,true,true,true,,50,450,,70,,,,,1,500,10000,100,35,2,1,true,true,,,,,,,,,LeonDefProjectile,,,,,,,,,sc/ui.sc,rapid_fire_button,ninja_attack,,,,,,,,,,,
NinjaUlti,Invisibility,true,,true,,50,6000,,,,,,,,,100000,,,,,,,,,,,,true,1200,,,,,,,,,,,sc/ui.sc,button_sprint,,ninja_go_invisible,,,,,,,true,,,
RosaWeapon,Attack,true,true,true,,50,800,,70,,,,,1,500,10000,250,130,,3,true,true,,,,,,,,,RosaProjectile,,,,,,,,,sc/ui.sc,rapid_fire_button,rosa_def_atk,,,,,,,,,,,
RosaUlti,Shield,true,,true,,50,300,,,,,,,,,100000,100,,,,,,,,,,,,,,,,,,,,,,,sc/ui.sc,button_sprint,,rosa_def_ulti,,rosa_def_ulti_loop,,,,,true,,,
SandstormUlti,Attack,true,true,true,,250,170,,70,,,,,,,10000,100,0,,1,,true,,,,,,,,,SandstormUltiProjectile,,,,,,skillicon_dynamite_ulti,,,sc/ui.sc,plasma_bomb_button,tnt_attack_ulti,,,,,,,,,,,
RaidBossRapidFire,Attack,,true,,,50,1850,1250,70,,,,,1,500,100000,300,100,2,1,,true,,,,,,,,,RaidBossProjectileRed,,,,,,,,,sc/ui.sc,rapid_fire_button,raid_boss_ranged_attack,raidboss_skill_warning_long,,,,,,true,,,,
RaidBossRapidFire2,Attack,,true,,,50,1850,1000,70,,,,,5000,1,10000,200,150,2,10,,true,,,,,,,,,RaidBossProjectileRed,,,,,,,,,sc/ui.sc,rapid_fire_button,raid_boss_ranged_attack,raidboss_skill_warning_medium,,,,,,true,,,,
RaidBossRapidFire3,Attack,,true,,,50,1850,750,70,,,,,5000,1,100000,100,250,2,10,,true,,,,,,,,,RaidBossProjectileRedDestroyEnv,,,,,,,,,sc/ui.sc,rapid_fire_button,raid_boss_ranged_attack,raidboss_skill_warning_short,,,,,,true,,,,
RaidBossRapidFire4,Attack,,true,,,50,1850,750,70,,,,,5000,1,10000,100,250,2,10,,true,,,,,,,,,RaidBossProjectileGold,,,,,,,,,sc/ui.sc,rapid_fire_button,raid_boss_ranged_attack,raidboss_skill_warning_short,,,,,,true,,,,
RaidBossCharge,Charge,,true,,,50,,1250,70,,,,,,,100000,,,,,,,130,2000,1,,,,,true,,,,,,,skillicon_powercharge,,,sc/ui.sc,charge_button,,raidboss_skill_warning_long,,bull_dude_ulti_loop,,Rhinostep,,true,,,,
RaidBossCharge2,Charge,,true,,,50,,1000,70,,,,,,,10000,,,,,,,130,2500,1,,,,,true,,,,,,,skillicon_powercharge,,,sc/ui.sc,charge_button,,raidboss_skill_warning_medium,,bull_dude_ulti_loop,,Rhinostep,,true,,,,
RaidBossCharge3,Charge,,true,,,50,,750,70,,,,,,,100000,,,,,,,130,3000,1,,,,,true,,,,,,,skillicon_powercharge,,,sc/ui.sc,charge_button,,raidboss_skill_warning_short,,bull_dude_ulti_loop,,Rhinostep,,true,,,,
RaidBossCharge4,Charge,,true,,,50,,750,70,,,,,,,10000,,,,,,,130,3000,1,,,,,true,,,,,,,skillicon_powercharge,,,sc/ui.sc,charge_button,,raidboss_skill_warning_short,,bull_dude_ulti_loop,,Rhinostep,,true,,,,
BossRapidFire2,Attack,,true,,,50,1850,1250,70,,,,,5000,1,100000,300,90,3,10,,true,,,,,,,,,BossProjectile,,,,,,,,,sc/ui.sc,rapid_fire_button,raid_boss_ranged_attack,raidboss_skill_warning_long,,,,,,,,,,
BossRapidFire3,Attack,,true,,,50,1850,1250,70,,,,,5000,1,10000,300,90,3,10,,true,,,,,,,,,BossProjectile,,,,,,,,,sc/ui.sc,rapid_fire_button,raid_boss_ranged_attack,raidboss_skill_warning_long,,,,,,,,,,
WhirlwindWeapon,Attack,true,true,true,,500,150,,50,,,,,0,1,32500,100,0,,10,,true,,,,,,,,,WhirlwindProjectile,,,,,,,,,sc/ui.sc,rapid_fire_button,whirlwind_attack,,,,,,,,,,,
WhirlwindUlti,Ww,true,,true,,50,3000,,70,,,,,,,10000,600,,,,,,,,,,,,,true,,,,,,,,,,sc/ui.sc,button_sprint,,,,carl_def_ulti_loop,carl_def_ulti_ground,,,,true,,,
BaseballWeapon,Attack,true,true,true,,50,700,,70,,,,,1,500,100000,600,300,,10,,,200,2000,,,,,,,,,,,,,,,,sc/ui.sc,rapid_fire_button,bibi_def_atk,bibi_swing,,,,,,,,,,
BaseballUlti,Attack,true,true,true,,50,150,,70,,,,,,,10000,100,,,,,true,,,,,,,,,BaseballUltiProjectile,,,,,,skillicon_powercharge,,,sc/ui.sc,rapid_fire_button,bibi_def_ulti,,,,,,,,,,,
ArcadeWeapon,Attack,true,true,true,,50,650,,70,,,,,1,500,100000,100,18,3,10,,true,,,,,,,,,ArcadeProjectile,,,,,,,,,sc/ui.sc,rapid_fire_button,arcade_def_atk,,,,,,,,,,,
ArcadeUlti,Attack,true,true,true,,50,250,,70,,,,,,,10000,200,,,1,,true,,,,1,1,,,,ArcadeUltiProjectile,DamageBooster,,,,,skillicon_build_bigger_turret,,,sc/ui.sc,button_mine,,arcade_def_ulti_atk,,,,,,,,,,
SandstormWeapon,Attack,true,true,true,,250,150,,50,,,,,1,500,32500,100,50,4,10,,true,,,,,,,,,SandstormProjectile,,,,,,,,,sc/ui.sc,rapid_fire_button,poco_def_atk_direct,,,,,,,,,,,
BeeSniperWeapon,Attack,true,true,true,,50,150,,70,,,,,1,500,10000,100,,,10,,true,,,,,,,,,BeeSniperProjectile,,,,,,,,,sc/ui.sc,rapid_fire_button,bea_def_atk,,,,,,,,,BeeSniperChargedProjectile,1,275
BeeSniperUlti,Attack,true,true,true,,50,150,,70,,,,,,,100000,100,30,,10,,true,,,,,,,,,BeeSniperUltiProjectile,,,,,,skillicon_bullet_storm,,,sc/ui.sc,rapid_fire_button,tick_def_atk,Dummy_effect,,,,,,,,,,
BossRaceBossRapidFire,Attack,,true,,,50,1850,750,70,,,,,1,500,10000,200,150,2,10,,true,,,,,,,,,BossRaceBossProjectile,,,,,,,,,sc/ui.sc,rapid_fire_button,raid_boss_ranged_attack,bossrace_skill_warning,,,,,,true,,,,
BossRaceBossCharge,Charge,,true,,,50,,750,70,,,,,,,100000,,,,,,,130,2500,1,,,,,true,,,,,,,skillicon_powercharge,,,sc/ui.sc,charge_button,,,,bull_dude_ulti_loop,,Rhinostep,,,,,,
MummyWeapon,Attack,true,true,true,,250,150,,70,,,,,1,500,10000,100,80,5,10,,true,,,,,,,,,MummyProjectile,,,,,,,,,sc/ui.sc,rapid_fire_button,emz_def_atk,,,,,,,,,,,
MummyUlti,AreaBuff,true,,true,,50,5000,,70,,,,,,,100000,70,,,,,,,,,,,,,,,,MummyUltiArea,,,,,,,sc/ui.sc,button_sprint,,emz_def_ulti_use,,Dummy_effect,,,,,true,,,
BossRaceBossChainLightning,Attack,,true,,,50,1050,750,70,,,,,1250,3,10000,200,150,2,10,,true,,,,,,,,,BossRaceBossLightningProjectile1,,,,,,,,,sc/ui.sc,rapid_fire_button,raid_boss_ranged_attack,bossrace_skill_warning,,,,,,true,,,,
BossRaceBossRockets,Attack,,true,,,50,1050,750,70,,,,,1250,3,100000,200,750,,10,,true,,,,,,,,,BossRaceBossRocketProjectile,,,,,,,,,sc/ui.sc,rapid_fire_button,raid_boss_ranged_attack,bossrace_skill_warning,,,,,,true,,,,
SpawnerDudeUlti,Attack,true,true,true,,50,250,,70,,,,,,,10000,200,,,1,,true,,,,1,1,,,,SpawnerDudeUltiProjectile,SpawnerDudeTurret,,,,,skillicon_build_bigger_turret,,,sc/ui.sc,turret_button,,,,,,,,,,,,
SpawnerDudeWeapon,Attack,true,true,true,,250,150,,70,,,,,1,500,100000,100,,,10,,true,,,,,,,,,SpawnerDudeProjectile,,,,,,,,,sc/ui.sc,rapid_fire_button,colt_def_atk,,,,,,,,,,,
SpeedyWeapon,Attack,true,true,true,,50,450,,70,,,,,1,500,10000,100,30,6,10,,true,,,,,,,,,SpeedyProjectile,,,,,,,,,sc/ui.sc,rapid_fire_button,colt_def_atk,,,,,,,,,,,
SpeedyUlti,AreaBuff,true,,true,,50,4500,,70,,,,,,,100000,,,,,,,,,,,,,,,,,SpeedyUltiArea,,,,,,,sc/ui.sc,button_sprint,,,,Dummy_effect,,,,,,,,
HomerWeapon,Attack,true,true,true,,250,150,,70,,,,,1,500,10000,100,60,,10,,true,,,,,,,,,ShotgunGirlProjectile,,,,,,,,,sc/ui.sc,rapid_fire_button,shelly_def_atk,,,,,,,,,,,
HomerUlti,Attack,true,true,true,,250,150,,70,,,,,1,500,100000,100,60,,10,,true,,,,,,,,,ShotgunGirlProjectile,,,,,,,,,sc/ui.sc,rapid_fire_button,shelly_def_atk,,,,,,,,,,,
DummySkillForCTF,Attack,true,true,,,250,150,,70,,200,,,,,10000,100,,,10,,true,,,,,,,,,DummyProjectileForCTF,,,,,,,,,,,laser_ball_throw,,,,,,,,,,,
DummyUltiSkillForCTF,Attack,true,true,,,250,150,,70,,300,,,,,100000,100,,,10,,true,,,,,,,,,DummyProjectileForCTF,,,,,,,,,,,laser_ball_throw_ulti,,,,,,,,,,,
DrillerWeapon,Attack,true,,true,true,200,150,,70,,,,,1,500,10000,100,,,,,,,,,,,,,,,,DrillerDamageArea,,,,,,,sc/ui.sc,rapid_fire_button,luchador_attack,,,,,,,,,,,
DrillerUlti,Attack,,,true,true,250,1000,500,70,,,,,,,100000,1000,,,,,,,,,,,,,,,,DrillerUltiArea,DrillerUltiShield,,,,,,sc/ui.sc,button_sprint,,driller_def_ulti_use,,Dummy_effect,,,,,,,,
BlowerWeapon,Attack,true,true,true,,250,150,,70,,,,,1,500,10000,100,60,,10,,true,,,,,,,,,ShotgunGirlProjectile,,,,,,,,,sc/ui.sc,rapid_fire_button,shelly_def_atk,,,,,,,,,,,
BlowerUlti,Attack,true,true,true,,250,150,,70,,,,,1,500,100000,100,60,,10,,true,,,,,,,,,ShotgunGirlProjectile,,,,,,,,,sc/ui.sc,rapid_fire_button,shelly_def_atk,,,,,,,,,,,
ControllerWeapon,Attack,true,true,true,,250,150,,70,,,,,1,500,10000,100,60,,10,,true,,,,,,,,,ShotgunGirlProjectile,,,,,,,,,sc/ui.sc,rapid_fire_button,shelly_def_atk,,,,,,,,,,,
ControllerUlti,Attack,true,true,true,,250,150,,70,,,,,1,500,300,100,60,,10,,true,,,,,,,,,ShotgunGirlProjectile,,,,,,,,,sc/ui.sc,rapid_fire_button,shelly_def_atk,,,,,,,,,,,
WallyWeapon,Attack,true,true,true,,250,150,,70,,,,1,1,500,930,100,30,,10,,true,,,,,,,,,WallyProjectile,,,,,,,,,sc/ui.sc,plasma_bomb_button,sprout_def_atk,,,,,,,,,,,
WallyUlti,Attack,true,true,true,,250,150,,70,,,,1,,,400,100,0,,10,,true,,,,,,,,,WallyUltiProjectile,,,,,,skillicon_bigger_granade,,,sc/ui.sc,plasma_bomb_button,sprout_def_ulti,,,,,,,,,,,
,,,,,,,,,,,,,,,,,,,,,,,,,,,,,,,,,,,,,,,,,,,,,,,,,,,,,