Name,Conf,Campaign,ObtainType,PetSkin,PetSkin2,CostLegendaryTrophies,CostGems,TID,ShopTID,Features,CommunityCredit,MaterialsFile,BlueTexture,RedTexture,BlueSpecular,RedSpecular
string,string,int,int,string,string,int,int,string,string,string,string,string,string,string,string,string
BanditGirlDefault,BanditGirlDefault,,5,,,,,,,,,,shelly_v2_01.pvr,shelly_v2_01.pvr,shelly_v2_01.pvr,shelly_v2_01.pvr
GunSlingerDefault,GunSlingerDefault,,5,,,,,,,,,,colt_tex.pvr,colt_tex.pvr,colt_tex.pvr,colt_tex.pvr
GunSlingerRockstar,GunSlingerRockstar,,5,,,,30,TID_GUNSLINGER_ROCKSTAR_SKIN,TID_GUNSLINGER_ROCKSTAR_SKIN_SHOP,MODEL,,,colt_rockstar_tex.pvr,colt_rockstar_tex.pvr,colt_rockstar_tex.pvr,colt_rockstar_tex.pvr
BullGuyDefault,BullGuyDefault,,5,,,,,,,,,,bull_tex_01.pvr,bull_tex_01.pvr,bull_tex_01.pvr,bull_tex_01.pvr
RocketGirlDefault,RocketGirlDefault,,5,,,,,,,,,,brock_blue_tex.pvr,brock_tex.pvr,brock_blue_tex.pvr,brock_tex.pvr
RocketGirlBeach,RocketGirlBeach,,5,,,,80,TID_ROCKET_BEACH_SKIN,TID_ROCKET_BEACH_SKIN_SHOP,"MODEL,VFX,SFX",,,brock_beach_blue_tex.pvr,brock_beach_tex.pvr,brock_beach_blue_tex.pvr,brock_beach_tex.pvr
TntGuyDefault,TntGuyDefault,,5,,,,,,,,,,dynamike_blue_tex.pvr,dynamike_tex.pvr,dynamike_blue_tex.pvr,dynamike_tex.pvr
LuchadorDefault,LuchadorDefault,,5,,,,,,,,,,primo_tex.pvr,primo_tex.pvr,primo_tex.pvr,primo_tex.pvr
TurretDefault,TurretDefault,,5,,,,,,,,,,dogturret.pvr,dogturret.pvr,dogturret.pvr,dogturret.pvr
TrickshotDefault,TrickshotDefault,,5,,,,,,,,,,rico_tex.pvr,rico_tex.pvr,rico_tex.pvr,rico_tex.pvr
CactusDefault,CactusDefault,,5,,,,,,,,,,spike_tex.pvr,spike_tex.pvr,spike_tex.pvr,spike_tex.pvr
CactusPink,CactusPink,,5,,,,80,TID_CACTUS_PINK_SKIN,TID_CACTUS_PINK_SKIN_SHOP,"MODEL,VFX",,,spike_blossom_tex.pvr,spike_blossom_tex.pvr,spike_blossom_tex.pvr,spike_blossom_tex.pvr
BarkeepDefault,BarkeepDefault,,5,,,,,,,,,,barley_tex.pvr,barley_tex.pvr,barley_tex.pvr,barley_tex.pvr
MechanicDefault,MechanicDefault,,5,TurretDefault,,,,,,,,,jessie_tex.pvr,jessie_tex.pvr,jessie_tex.pvr,jessie_tex.pvr
ShamanDefault,ShamanDefault,,5,ShamanBearDefault,,,,,,,,,nita_tex.pvr,nita_tex.pvr,nita_tex.pvr,nita_tex.pvr
ShamanPanda,ShamanPanda,,5,ShamanBearPanda,,,30,TID_SHAMAN_PANDA_SKIN,TID_SHAMAN_PANDA_SKIN_SHOP,"MODEL,PET",,,nita_panda_tex.pvr,nita_panda_tex.pvr,nita_panda_tex.pvr,nita_panda_tex.pvr
ShamanBearDefault,ShamanBearDefault,,5,,,,,,,,,,nita_bear_tex.pvr,nita_bear_tex.pvr,nita_bear_tex.pvr,nita_bear_tex.pvr
ShamanBearPanda,ShamanBearPanda,,5,,,,,,,,,,nita_bear_panda_tex.pvr,nita_bear_panda_tex.pvr,nita_bear_panda_tex.pvr,nita_bear_panda_tex.pvr
UndertakerDefault,UndertakerDefault,,5,,,,,,,,,,mortis_v2_tex.pvr,mortis_v2_tex.pvr,mortis_v2_tex.pvr,mortis_v2_tex.pvr
CrowDefault,CrowDefault,,5,,,,,,,,,,crow_d_01.pvr,crow_d_01.pvr,crow_d_01.pvr,crow_d_01.pvr
CrowWhite,CrowWhite,,5,,,,80,TID_CROW_WHITE_SKIN,TID_CROW_WHITE_SKIN_SHOP,MODEL,,,crowwhite_d_01.pvr,crowwhite_d_01.pvr,crowwhite_d_01.pvr,crowwhite_d_01.pvr
DeadMariachiDefault,DeadMariachiDefault,,5,,,,,,,,,,poco_tex.pvr,poco_tex.pvr,poco_tex.pvr,poco_tex.pvr
BowDudeDefault,BowDudeDefault,,5,BowDudeTotemDefault,,,,,,,,,bo_tex.pvr,bo_tex.pvr,bo_tex.pvr,bo_tex.pvr
SniperDefault,SniperDefault,,5,,,,,,,,,,piper_tex.pvr,piper_tex.pvr,piper_tex.pvr,piper_tex.pvr
MinigunDudeDefault,MinigunDudeDefault,,5,HealstationDefault,,,,,,,,,pam_tex.pvr,pam_tex.pvr,pam_tex.pvr,pam_tex.pvr
BullGuyHair,BullGuyHair,,5,,,,80,TID_BULL_HAIR_SKIN,TID_BULL_HAIR_SKIN_SHOP,MODEL,,,bull_viking_tex.pvr,bull_viking_tex.pvr,bull_viking_tex.pvr,bull_viking_tex.pvr
TrickshotGold,TrickshotGold,,5,,,,150,TID_TRICKSHOT_GOLD_SKIN,TID_TRICKSHOT_GOLD_SKIN_SHOP,"MODEL,VFX",,,rico_gold_tex.pvr,rico_gold_tex.pvr,rico_gold_tex.pvr,rico_gold_tex.pvr
BarkeepGold,BarkeepGold,,5,,,,30,TID_BARKEEP_GOLD_SKIN,TID_BARKEEP_GOLD_SKIN_SHOP,"MODEL,VFX",,,barley_banker_tex.pvr,barley_banker_tex.pvr,barley_banker_tex.pvr,barley_banker_tex.pvr
LuchadorRudo,LuchadorRudo,,5,,,,80,TID_LUCHADOR_RUDO_SKIN,TID_LUCHADOR_RUDO_SKIN_SHOP,"MODEL,ANIM",,,primo_elrudo_tex.pvr,primo_elrudo_tex.pvr,primo_elrudo_tex.pvr,primo_elrudo_tex.pvr
BanditGirlBandita,BanditGirlBandita,,5,,,,30,TID_SHOTGUN_BANDITA_SKIN,TID_SHOTGUN_BANDITA_SKIN_SHOP,MODEL,,,shelly_bandita_tex.pvr,shelly_bandita_tex.pvr,shelly_bandita_tex.pvr,shelly_bandita_tex.pvr
LuchadorRey,LuchadorRey,,5,,,,150,TID_LUCHADOR_KING_SKIN,TID_LUCHADOR_KING_SKIN_SHOP,"MODEL,VFX,ANIM",,,primo_elrey_tex.pvr,primo_elrey_tex.pvr,primo_elrey_tex.pvr,primo_elrey_tex.pvr
BallDefault,BallDefault,,5,,,,,,,,,,,,,
BlackholeDefault,BlackholeDefault,,5,,,,,,,,,,tara_tex.pvr,tara_tex.pvr,tara_tex.pvr,tara_tex.pvr
HealstationDefault,HealstationDefault,,5,,,,,,,,,,healstion_tex.pvr,healstion_red_tex.pvr,healstion_red_tex.pvr,healstion_red_tex.pvr
BarrelbotDefault,BarrelbotDefault,,5,,,,,,,,,,darryl_tex.pvr,darryl_tex.pvr,darryl_tex.pvr,"darryl_tex.pvr+value(masks/darryl/darryl_msk.png,0.698000)"
BlackholePetDefault,BlackholePetDefault,,5,,,,,,,,,,ninja_ability_tex.pvr,ninja_ability_tex.pvr,ninja_ability_tex.pvr,ninja_ability_tex.pvr
TntPetDefault,TntPetDefault,,5,,,,,,,,,,nita_bear_tex.pvr,nita_bear_tex.pvr,nita_bear_tex.pvr,nita_bear_tex.pvr
RangedBotDefault,RangedBotDefault,,5,,,,,,,,,,rangedbot_tex.pvr,rangedbot_tex.pvr,rangedbot_tex.pvr,rangedbot_tex.pvr
MeleeFastBotDefault,MeleeFastBotDefault,,5,,,,,,,,,,fastmeleebot_tex.pvr,fastmeleebot_tex.pvr,fastmeleebot_tex.pvr,fastmeleebot_tex.pvr
MeleeBotDefault,MeleeBotDefault,,5,,,,,,,,,,meleebot_tex.pvr,meleebot_tex.pvr,meleebot_tex.pvr,meleebot_tex.pvr
BossBotDefault,BossBotDefault,,5,,,,,,,,,,bossbot_tex.pvr,bossbot_tex.pvr,bossbot_tex.pvr,bossbot_tex.pvr
ArtilleryGalDefault,ArtilleryGalDefault,,5,ArtilleryTurretDefault,,,,,,,,,mari_tex.pvr,mari_tex.pvr,mari_tex.pvr,mari_tex.pvr
FrankDefault,FrankDefault,,5,,,,,,,,,,frank_tex.pvr,frank_tex.pvr,frank_tex.pvr,frank_tex.pvr
ArtilleryTurretDefault,ArtilleryTurretDefault,,5,,,,,,,,,,mari_tex.pvr,mari_tex.pvr,mari_tex.pvr,mari_tex.pvr
MechanicKnight,MechanicKnight,,5,TurretDragon,,,150,TID_MECHANIC_KNIGHT_SKIN,TID_MECHANIC_KNIGHT_SKIN_SHOP,"MODEL,TURRET,VFX,ANIM",,,jessie_knight_tex.pvr,jessie_knight_tex.pvr,jessie_knight_tex.pvr,jessie_knight_tex.pvr
FrankCaveman,FrankCaveman,,5,,,,80,TID_FRANK_CAVEMAN_SKIN,TID_FRANK_CAVEMAN_SKIN_SHOP,MODEL,,,frank_caveman_01.pvr,frank_caveman_01.pvr,frank_caveman_01.pvr,frank_caveman_01.pvr
TurretDragon,TurretDragon,,5,,,,,,,,,,turret_dragon_tex.pvr,turret_dragon_tex.pvr,turret_dragon_tex.pvr,turret_dragon_tex.pvr
MechanicSummer,MechanicSummer,,5,TurretSummertime,,,80,TID_MECHANIC_SUMMER_SKIN,TID_MECHANIC_SUMMER_SKIN_SHOP,"MODEL,TURRET,VFX",,,jessie_summertime_tex.pvr,jessie_summertime_tex.pvr,jessie_summertime_tex.pvr,jessie_summertime_tex.pvr
TurretSummertime,TurretSummertime,,5,,,,,,,,,,turret_summertime_tex.pvr,turret_summertime_tex.pvr,turret_summertime_tex.pvr,turret_summertime_tex.pvr
CrowPheonix,CrowPheonix,,5,,,,300,TID_CROW_PHEONIX_SKIN,TID_CROW_PHEONIX_SKIN_SHOP,"MODEL,VFX,ANIM",,,crow_pheonix_tex.pvr,crow_pheonix_tex.pvr,crow_pheonix_tex.pvr,crow_pheonix_tex.pvr
UndertakerGreaser,UndertakerGreaser,,5,,,,150,TID_UNDERTAKER_GREASER_SKIN,TID_UNDERTAKER_GREASER_SKIN_SHOP,"MODEL,ANIM",,,mortis_greaser_tex_02.pvr,mortis_greaser_tex_02.pvr,mortis_greaser_tex_02.pvr,mortis_greaser_tex_02.pvr
BigBotDefault,BigBotDefault,,5,,,,,,,,,,meleebot_tex.pvr,meleebot_tex.pvr,meleebot_tex.pvr,meleebot_tex.pvr
BanditGirlPrereg,BanditGirlPrereg,,5,,,,,TID_SHOTGUN_STAR_SKIN,TID_SHOTGUN_STAR_SKIN_SHOP,"MODEL,VFX",,,shelly_prereg_01.pvr,shelly_prereg_01.pvr,shelly_prereg_01.pvr,shelly_prereg_01.pvr
LootBox,LootBox,,5,,,,,,,,,,,,,
TntBox,TntBox,,5,,,,,,,,,,,,,
Safe,Safe,,5,,,,,,,,,,,,,
TntGuySanta,TntGuySanta,1,5,,,,80,TID_DYNAMIKE_SANTA_SKIN,TID_DYNAMIKE_SANTA_SKIN_SHOP,"MODEL,VFX",,,dynamike_santa_blue_tex.pvr,dynamike_santa_tex.pvr,dynamike_santa_blue_tex.pvr,dynamike_santa_tex.pvr
TntGuyChef,TntGuyChef,,5,,,,150,TID_DYNAMIKE_CHEF_SKIN,TID_DYNAMIKE_CHEF_SKIN_SHOP,"MODEL,VFX",,,dynamike_chef_blue_tex.pvr,dynamike_chef_tex.pvr,dynamike_chef_blue_tex.pvr,dynamike_chef_tex.pvr
RocketGirlBoombox,RocketGirlBoombox,,5,,,,80,TID_BROCK_BOOMBOX_SKIN,TID_BROCK_BOOMBOX_SKIN_SHOP,MODEL,,,brock_boombox_blue_tex.pvr,brock_boombox_tex.pvr,brock_boombox_blue_tex.pvr,brock_boombox_tex.pvr
BarkeepWizard,BarkeepWizard,,5,,,,,TID_BARLEY_WIZARD_SKIN,TID_BARLEY_WIZARD_SKIN_SHOP,"MODEL,VFX,ANIM,SFX",,,barley_wizard_tex.pvr,barley_wizard_tex.pvr,barley_wizard_tex.pvr,barley_wizard_tex.pvr
ShamanReindeer,ShamanReindeer,1,5,ShamanBearReindeer,,,150,TID_NITA_REINDEER_SKIN,TID_NITA_REINDEER_SKIN_SHOP,"MODEL,PET",,,nita_reindeer_tex.pvr,nita_reindeer_tex.pvr,nita_reindeer_tex.pvr,nita_reindeer_tex.pvr
ArtilleryGalElf,ArtilleryGalElf,1,5,ArtilleryTurretElf,,,80,TID_PENNY_ELF_SKIN,TID_PENNY_ELF_SKIN_SHOP,"MODEL,TURRET,VFX",,,penny_elf_tex.pvr,penny_elf_tex.pvr,penny_elf_tex.pvr,penny_elf_tex.pvr
NinjaDefault,NinjaDefault,,5,,,,,,,,,,leon_tex.pvr,leon_tex.pvr,leon_tex.pvr,leon_tex.pvr
UndertakerHat,UndertakerHat,,5,,,,,TID_UNDERTAKER_HAT_SKIN,TID_UNDERTAKER_HAT_SKIN_SHOP,MODEL,,,mortis_v2_tex.pvr,mortis_v2_tex.pvr,mortis_v2_tex.pvr,mortis_v2_tex.pvr
BullGuyFootbull,BullGuyFootbull,,5,,,,80,TID_SKIN_FOOTBULL,TID_SKIN_FOOTBULL_SHOP,MODEL,,,bull_footbull_tex.png,bull_footbull_tex.png,bull_footbull_tex.png,bull_footbull_tex.png
ShamanBearReindeer,ShamanBearReindeer,,5,,,,,,,,,,nita_bear_reindeer_tex.pvr,nita_bear_reindeer_tex.pvr,nita_bear_reindeer_tex.pvr,nita_bear_reindeer_tex.pvr
ArtilleryTurretElf,ArtilleryTurretElf,,5,,,,,,,,,,penny_elf_tex.pvr,penny_elf_tex.pvr,penny_elf_tex.pvr,penny_elf_tex.pvr
HookDefault,HookDefault,,5,,,,,,,,,,gene_tex.pvr,gene_tex.pvr,gene_tex.pvr,gene_tex.pvr
TrickshotPopcorn,TrickshotPopcorn,,5,,,,150,TID_SKIN_POPCORN_RICO,TID_SKIN_POPCORN_RICO_SHOP,"MODEL,VFX",,,rico_popcorn_tex.pvr,rico_popcorn_tex.pvr,rico_popcorn_tex.pvr,rico_popcorn_tex.pvr
GunSlingerHanbok,GunSlingerHanbok,2,5,,,,150,TID_SKIN_LUNAR_COLT,TID_SKIN_LUNAR_COLT_SHOP,"MODEL,VFX",,,colt_hanbok_tex.pvr,colt_hanbok_tex.pvr,colt_hanbok_tex.pvr,colt_hanbok_tex.pvr
BarrelbotCny,BarrelbotCny,2,5,,,,80,TID_SKIN_DUMPLING_DARRYL,TID_SKIN_DUMPLING_DARRYL_SHOP,"MODEL,VFX",,,darryl_cny_tex.pvr,darryl_cny_tex.pvr,darryl_cny_tex.pvr,darryl_cny_tex.pvr
PocoValentine,PocoValentine,,5,,,,150,TID_SKIN_VALENTINE_POCO,TID_SKIN_VALENTINE_POCO_SHOP,"MODEL,VFX",,,poco_valentine_tex.pvr,poco_valentine_tex.pvr,poco_valentine_tex.pvr,poco_valentine_tex.pvr
RocketGirlCny,RocketGirlCny,2,5,,,,150,TID_SKIN_LUNAR_BROCK,TID_SKIN_LUNAR_BROCK_SHOP,"MODEL,VFX",,,brock_cny_tex.pvr,brock_cny_tex.pvr,brock_cny_tex.pvr,brock_cny_tex.pvr
WhirlwindDefault,WhirlwindDefault,,5,,,,,,,,,,carl_tex.pvr,carl_tex.pvr,carl_tex.pvr,carl_tex.pvr
RoboWarsBox,RoboWarsBox,,5,,,,,,,,,,,,,
UndertakerNightwitch,UndertakerNightwitch,,5,,,,150,TID_UNDERTAKER_NIGHTWITCH_SKIN,TID_UNDERTAKER_NIGHTWITCH_SKIN_SHOP,"MODEL,VFX",,,mortis_nightwitch_tex.pvr,mortis_nightwitch_tex.pvr,mortis_nightwitch_tex.pvr,mortis_nightwitch_tex.pvr
RoboWarsBaseDefault,RoboWarsBaseDefault,,5,,,,,,,,,,siege_base.pvr,siege_base_red.pvr,,
RosaDefault,RosaDefault,,5,,,,,,,,,,,,,
MineCart,MineCart,,5,,,,,,,,,,,,,
ShamanShiba,ShamanShiba,,5,ShamanBearShiba,,,150,TID_SHAMAN_SHIBA_SKIN,TID_SHAMAN_SHIBA_SKIN_SHOP,"MODEL,PET,VFX,ANIM,SFX",,,nita_shiba_tex.pvr,nita_shiba_tex.pvr,nita_shiba_tex.pvr,nita_shiba_tex.pvr
ShamanBearShiba,ShamanBearShiba,,5,,,,,,,,,,nita_bear_shiba_tex.pvr,nita_bear_shiba_tex.pvr,nita_bear_shiba_tex.pvr,nita_bear_shiba_tex.pvr
BaseballDefault,BaseballDefault,,5,,,,,,,,,,bibi_tex.pvr,bibi_tex.pvr,bibi_tex.pvr,bibi_tex.pvr
MineCartB,MineCartB,,5,,,,,,,,,,,,,
MineCartC,MineCartC,,5,,,,,,,,,,,,,
MineCartD,MineCartD,,5,,,,,,,,,,,,,
MineCartE,MineCartE,,5,,,,,,,,,,,,,
ClusterBombDefault,ClusterBombDefault,,5,,,,,,,,,,tick_tex.pvr,tick_tex.pvr,tick_tex.pvr,tick_tex.pvr
ClusterBombPetDefault,ClusterBombPetDefault,,5,,,,,,,,,,tick_tex.pvr,tick_tex.pvr,tick_tex.pvr,tick_tex.pvr
ArtilleryGalBunny,ArtilleryGalBunny,,5,ArtilleryTurretBunny,,,80,TID_PENNY_BUNNY_SKIN,TID_PENNY_BUNNY_SKIN_SHOP,"MODEL,TURRET,VFX",,,penny_bunny_tex.pvr,penny_bunny_tex.pvr,penny_bunny_tex.pvr,penny_bunny_tex.pvr
ArtilleryTurretBunny,ArtilleryTurretBunny,,5,,,,,,,,,,penny_bunny_tex.pvr,penny_bunny_tex.pvr,penny_bunny_tex.pvr,penny_bunny_tex.pvr
BarkeepMs,BarkeepMs,,5,,,,150,TID_BARLEY_MS_SKIN,TID_BARLEY_MS_SKIN_SHOP,"MODEL,VFX,ANIM",,,barley_ms_tex.pvr,barley_ms_tex.pvr,barley_ms_tex.pvr,barley_ms_tex.pvr
RocketGirlHotrod,RocketGirlHotrod,,5,,,,150,TID_BROCK_HOTROD_SKIN,TID_BROCK_HOTROD_SKIN_SHOP,"MODEL,VFX",,,brock_hotrod_tex.pvr,brock_hotrod_tex.pvr,brock_hotrod_tex.pvr,brock_hotrod_tex.pvr
BarkeepMaple,BarkeepLumberjack,,5,,,,80,TID_BARLEY_MAPLE_SKIN,TID_BARLEY_MAPLE_SKIN_SHOP,"MODEL,VFX",,,barley_lumberjack_tex.pvr,barley_lumberjack_tex.pvr,barley_lumberjack_tex.pvr,barley_lumberjack_tex.pvr
WhirlwindRR,WhirlwindHotrod,,5,,,,80,TID_CARL_RR_SKIN,TID_CARL_RR_SKIN_SHOP,"MODEL,VFX",,,carl_hotrod_tex.pvr,carl_hotrod_tex.pvr,carl_hotrod_tex.pvr,carl_hotrod_tex.pvr
BoMecha,BoMecha,,5,,,,300,TID_BO_MECHA_SKIN,TID_BO_MECHA_SKIN_SHOP,"MODEL,VFX,ANIM,SFX,VOICE",,,"bo_mecha_tex.png+hue(masks/bo/bo_mecha_ammo_msk.png,205.115997)",bo_mecha_tex.png,"bo_mecha_tex.png+hue(masks/bo/bo_mecha_ammo_msk.png,205.115997)",bo_mecha_tex.png
CrowMecha,CrowMecha,,5,,,,300,TID_CROW_MECHA_SKIN,TID_CROW_MECHA_SKIN_SHOP,"MODEL,VFX,ANIM,SFX,VOICE",,,crow_mecha_tex.png,crow_mecha_tex.png,crow_mecha_tex.png,crow_mecha_tex.png
Cactusmecha,Cactusmecha,,5,,,,150,TID_SPIKE_ROBO_SKIN,TID_SPIKE_ROBO_SKIN_SHOP,"MODEL,VFX,ANIM,SFX",,,spike_mecha_tex.pvr,spike_mecha_tex.pvr,spike_mecha_tex.pvr,spike_mecha_tex.pvr
TntDudeMecha,TntDudeMecha,,5,,,,300,TID_MIKE_ROBO_SKIN,TID_MIKE_ROBO_SKIN_SHOP,"MODEL,VFX,ANIM,SFX,VOICE",,,"dynamike_mecha_tex.pvr+hue(masks/dynamike/dynamike_mecha_ammo_msk.png,198.000000)+value(masks/dynamike/dynamike_mecha_ammo_msk.png,1.279000)",dynamike_mecha_tex.pvr,"dynamike_mecha_tex.pvr+hue(masks/dynamike/dynamike_mecha_ammo_msk.png,198.000000)",dynamike_mecha_tex.pvr
BowDudeMechaWhite,BoMecha,,5,BowDudeTotemDefault,,10000,,TID_BO_MECHA_LIGHT_SKIN,TID_BO_MECHA_LIGHT_SKIN_SHOP,"MODEL,VFX,ANIM,SFX,VOICE",,,"bo_mecha_tex.png+saturation(masks/bo/bo_mecha_colour02_msk.png,0.000000)+saturation(masks/bo/bo_mecha_colour01_msk.png,2.674000)+value(masks/bo/bo_mecha_colour01_msk.png,2.442000)+hue(masks/bo/bo_mecha_colour01_msk.png,12.558000)+saturation(masks/bo/bo_mecha_seams_msk.png,0.000000)+hue(masks/bo/bo_mecha_eyesvisor_msk.png,20.930000)+value(masks/bo/bo_mecha_colour02_msk.png,0.800000)+hue(masks/bo/bo_mecha_ammo_msk.png,205.115997)","bo_mecha_tex.png+saturation(masks/bo/bo_mecha_colour02_msk.png,0.000000)+saturation(masks/bo/bo_mecha_colour01_msk.png,2.674000)+value(masks/bo/bo_mecha_colour01_msk.png,2.442000)+hue(masks/bo/bo_mecha_colour01_msk.png,12.558000)+saturation(masks/bo/bo_mecha_seams_msk.png,0.000000)+hue(masks/bo/bo_mecha_eyesvisor_msk.png,20.930000)+value(masks/bo/bo_mecha_colour02_msk.png,0.800000)","bo_mecha_tex.png+saturation(masks/bo/bo_mecha_colour02_msk.png,0.000000)+saturation(masks/bo/bo_mecha_colour01_msk.png,5.349000)+hue(masks/bo/bo_mecha_eyesvisor_msk.png,20.930000)+hue(masks/bo/bo_mecha_ammo_msk.png,205.115997)","bo_mecha_tex.png+saturation(masks/bo/bo_mecha_colour02_msk.png,0.000000)+saturation(masks/bo/bo_mecha_colour01_msk.png,5.349000)+hue(masks/bo/bo_mecha_eyesvisor_msk.png,20.930000)+hue(masks/bo/bo_mecha_colour02_msk.png,0.000000)"
BowDudeMechaGold,BoMecha,,5,BowDudeTotemDefault,,50000,,TID_BO_MECHA_GOLD_SKIN,TID_BO_MECHA_GOLD_SKIN_SHOP,"MODEL,VFX,ANIM,SFX,VOICE",,,"bo_mecha_tex.png+value(masks/bo/bo_mecha_colour01_msk.png,1.047000)+saturation(masks/bo/bo_mecha_colour01_msk.png,8.721000)+hue(masks/bo/bo_mecha_colour01_msk.png,12.558000)+hue(masks/bo/bo_mecha_colour02_msk.png,16.000000)+value(masks/bo/bo_mecha_colour02_msk.png,3.605000)+hue(masks/bo/bo_mecha_eyesvisor_msk.png,213.488007)+hue(masks/bo/bo_mecha_ammo_msk.png,205.115997)","bo_mecha_tex.png+value(masks/bo/bo_mecha_colour01_msk.png,1.047000)+saturation(masks/bo/bo_mecha_colour01_msk.png,8.721000)+hue(masks/bo/bo_mecha_colour01_msk.png,12.558000)+hue(masks/bo/bo_mecha_colour02_msk.png,16.000000)+value(masks/bo/bo_mecha_colour02_msk.png,3.605000)+hue(masks/bo/bo_mecha_eyesvisor_msk.png,213.488007)","bo_mecha_tex.png+hue(masks/bo/bo_mecha_colour01_msk.png,12.558000)+hue(masks/bo/bo_mecha_colour01_msk.png,1.047000)+hue(masks/bo/bo_mecha_eyesvisor_msk.png,221.860001)+hue(masks/bo/bo_mecha_colour02_msk.png,8.372000)+hue(masks/bo/bo_mecha_ammo_msk.png,205.115997)","bo_mecha_tex.png+hue(masks/bo/bo_mecha_colour01_msk.png,12.558000)+hue(masks/bo/bo_mecha_colour01_msk.png,1.047000)+hue(masks/bo/bo_mecha_eyesvisor_msk.png,221.860001)+hue(masks/bo/bo_mecha_colour02_msk.png,8.372000)"
CrowMechaGold,CrowMecha,,5,,,50000,,TID_CROW_MECHA_GOLD_SKIN,TID_CROW_MECHA_GOLD_SKIN_SHOP,"MODEL,VFX,ANIM,SFX,VOICE",,,crow_mechagold_tex.png,crow_mechagold_tex.png,crow_mechagold_tex.png,crow_mechagold_tex.png
CrowMechaNight,CrowMecha,,5,,,10000,,TID_CROW_MECHA_NIGHT_SKIN,TID_CROW_MECHA_NIGHT_SKIN_SHOP,"MODEL,VFX,ANIM,SFX,VOICE",,,"crow_mecha_tex.png+saturation(masks/crow/crow_mecha_colour01_msk.png,0.000000)+value(masks/crow/crow_mecha_colour01_msk.png,0.200000)+value(masks/crow/crow_mecha_colour02_msk.png,0.500000)+saturation(masks/crow/crow_mecha_colour02_msk.png,2.093000)+hue(masks/crow/crow_mecha_colour03_msk.png,209.302002)+value(masks/crow/crow_mecha_colour03_msk.png,1.400000)","crow_mecha_tex.png+saturation(masks/crow/crow_mecha_colour01_msk.png,0.000000)+value(masks/crow/crow_mecha_colour01_msk.png,0.200000)+value(masks/crow/crow_mecha_colour02_msk.png,0.500000)+saturation(masks/crow/crow_mecha_colour02_msk.png,2.093000)+hue(masks/crow/crow_mecha_colour03_msk.png,209.302002)+value(masks/crow/crow_mecha_colour03_msk.png,1.400000)","crow_mecha_tex.png+saturation(masks/crow/crow_mecha_colour01_msk.png,1.047000)+value(masks/crow/crow_mecha_colour01_msk.png,0.233000)+value(masks/crow/crow_mecha_colour02_msk.png,0.814000)+hue(masks/crow/crow_mecha_colour03_msk.png,209.302002)","crow_mecha_tex.png+saturation(masks/crow/crow_mecha_colour01_msk.png,1.047000)+value(masks/crow/crow_mecha_colour01_msk.png,0.233000)+value(masks/crow/crow_mecha_colour02_msk.png,0.814000)+hue(masks/crow/crow_mecha_colour03_msk.png,209.302002)"
BullDudeFootbullBlue,BullGuyFootbull,,5,,,2500,,TID_BULL_LINEBACKER_SKIN,TID_BULL_LINEBACKER_SKIN_SHOP,MODEL,,,"bull_footbull_tex.png+hue(masks/bull/bull_footbull_colour01_msk.png,217.673996)+value(masks/bull/bull_footbull_colour01_msk.png,1.744000)+saturation(masks/bull/bull_footbull_colour01_msk.png,2.558000)+value(masks/bull/bull_footbull_helmet_msk.png,0.465000)+value(masks/bull/bull_footbull_metal_msk.png,0.233000)","bull_footbull_tex.png+hue(masks/bull/bull_footbull_colour01_msk.png,217.673996)+value(masks/bull/bull_footbull_colour01_msk.png,1.744000)+saturation(masks/bull/bull_footbull_colour01_msk.png,2.558000)+value(masks/bull/bull_footbull_helmet_msk.png,0.465000)+value(masks/bull/bull_footbull_metal_msk.png,0.233000)","bull_footbull_tex.png+hue(masks/bull/bull_footbull_colour01_msk.png,217.673996)","bull_footbull_tex.png+hue(masks/bull/bull_footbull_colour01_msk.png,217.673996)"
GunslingerOutlaw,GunSlingerRockstar,,5,,,500,,TID_COLT_OUTLAW_SKIN,TID_COLT_OUTLAW_SKIN_SHOP,MODEL,,,colt_outlaw_tex.pvr,colt_outlaw_tex.pvr,colt_outlaw_tex.pvr,colt_outlaw_tex.pvr
WhirlwindHogrider,WhirlwindHogrider,,5,,,,80,TID_CARL_HOG_RIDER_SKIN,TID_CARL_HOG_RIDER_SKIN_SHOP,MODEL,,,carl_hogrider_tex.pvr,carl_hogrider_tex.pvr,carl_hogrider_tex.pvr,carl_hogrider_tex.pvr
BallBeach,BallBeach,,5,,,,,,,,,,,,,
ArcadeDefault,ArcadeDefault,,5,DamageBoosterDefault,,,,,,,,,8bit_tex.pvr,"8bit_tex.pvr+hue(masks/8bit/8bit_msk.png,138.000000)+saturation(masks/8bit/8bit_msk.png,3.000000)+hue(masks/8bit/8bit_light_msk.png,146.000000)",8bit_tex.pvr,"8bit_tex.pvr+hue(masks/8bit/8bit_msk.png,138.000000)+saturation(masks/8bit/8bit_msk.png,3.000000)+hue(masks/8bit/8bit_light_msk.png,146.000000)"
DamageBoosterDefault,DamageBoosterDefault,,5,,,,,,,,,,8bit_tex.pvr,"8bit_tex.pvr+hue(masks/8bit/8bit_msk.png,138.000000)+saturation(masks/8bit/8bit_msk.png,3.000000)+hue(masks/8bit/8bit_light_msk.png,146.000000)",8bit_tex.pvr,"8bit_tex.pvr+hue(masks/8bit/8bit_msk.png,138.000000)+saturation(masks/8bit/8bit_msk.png,3.000000)+hue(masks/8bit/8bit_light_msk.png,146.000000)"
SniperPink,SniperPink,,5,,,500,,TID_PIPER_PINK_SKIN,TID_PIPER_PINK_SKIN_SHOP,MODEL,,,piper_pink_tex.pvr,piper_pink_tex.pvr,piper_pink_tex.pvr,piper_pink_tex.pvr
ArcadeClassic,ArcadeClassic,,5,DamageBoosterDefault,,,30,TID_8BIT_CLASSIC_SKIN,TID_8BIT_CLASSIC_SKIN_SHOP,MODEL,,,8bit_classic_tex.pvr,"8bit_classic_tex.pvr+hue(masks/8bit/8bit_msk.png,138.000000)+saturation(masks/8bit/8bit_msk.png,3.000000)+hue(masks/8bit/8bit_light_msk.png,146.000000)",8bit_classic_tex.pvr,"8bit_classic_tex.pvr+hue(masks/8bit/8bit_msk.png,138.000000)+saturation(masks/8bit/8bit_msk.png,3.000000)+hue(masks/8bit/8bit_light_msk.png,146.000000)"
NinjaShark,NinjaShark,,5,,,,80,TID_LEON_SHARK_SKIN,TID_LEON_SHARK_SKIN_SHOP,MODEL,,,shark_leon_tex.pvr,shark_leon_tex.pvr,shark_leon_tex.pvr,shark_leon_tex.pvr
BlackHoleBlue,BlackHoleBlue,,5,,,500,,TID_TARA_BLUE_SKIN,TID_TARA_BLUE_SKIN_SHOP,MODEL,,,tara_blue_tex.pvr,tara_blue_tex.pvr,tara_blue_tex.pvr,tara_blue_tex.pvr
LootBoxMoonFestival,LootBoxMoonFestival,,5,,,,,,,,,,,,,
SandstormDefault,SandstormDefault,,5,,,,,,,,,,sandy_tex.pvr,sandy_tex.pvr,sandy_tex.pvr,sandy_tex.pvr
BeeSniperDefault,BeeSniperDefault,,5,BeeSniperSlowPotDefault,,,,,,,,,bea_tex.pvr,bea_tex.pvr,bea_tex.pvr,bea_tex.pvr
BossRaceBossDefault,BossRaceBossDefault,,5,,,,,,,,,,bossbot_tex.pvr,bossbot_tex.pvr,bossbot_tex.pvr,bossbot_tex.pvr
BarkeepWizardRed,BarkeepWizardRed,,5,,,2500,,TID_BARLEY_RED_WIZARD_SKIN,TID_BARLEY_RED_WIZARD_SKIN_SHOP,MODEL,,,"barley_wizard_tex.pvr+hue(masks/barley/coat_msk.png,133.953003)+value(masks/barley/coat_msk.png,0.698000)","barley_wizard_tex.pvr+hue(masks/barley/coat_msk.png,133.953003)+value(masks/barley/coat_msk.png,0.698000)","barley_wizard_tex.pvr+hue(masks/barley/coat_msk.png,133.953003)+value(masks/barley/coat_msk.png,0.698000)","barley_wizard_tex.pvr+hue(masks/barley/coat_msk.png,133.953003)+value(masks/barley/coat_msk.png,0.698000)"
HookPirate,HookPirate,,5,,,,80,TID_GENE_PIRATE_SKIN,TID_GENE_PIRATE_SKIN_SHOP,MODEL,,,gene_pirate_tex.pvr,gene_pirate_tex.pvr,gene_pirate_tex.pvr,gene_pirate_tex.pvr
Sandstormsleepy,Sandstormsleepy,,5,,,,30,TID_SANDY_SLEEPY_SKIN,TID_SANDY_SLEEPY_SKIN_SHOP,MODEL,,,sleepy_sandy_tex.pvr,sleepy_sandy_tex.pvr,sleepy_sandy_tex.pvr,sleepy_sandy_tex.pvr
MummyDefault,MummyDefault,,5,,,,,,,,,,emz_tex.pvr,emz_tex.pvr,emz_tex.pvr,emz_tex.pvr
Sniperrose,Sniperrose,3,5,,,,80,TID_PIPER_CALAVERA_SKIN,TID_PIPER_CALAVERA_SKIN_SHOP,MODEL,,,piper_rose_tex.pvr,piper_rose_tex.pvr,piper_rose_tex.pvr,piper_rose_tex.pvr
SpawnerDudeDefault,SpawnerDudeDefault,,5,SpawnerDudeTurretDefault,SpawnerPetDefault,,150,TID_BROCK_HOTROD_SKIN,TID_BROCK_HOTROD_SKIN_SHOP,"MODEL,VFX",,,mrp_tex.pvr,mrp_tex.pvr,mrp_tex.pvr,mrp_tex.pvr
ShotgunGirlWitch,ShotgunGirlWitch,3,5,,,,150,TID_SHELLY_WITCH_SKIN,TID_SHELLY_WITCH_SKIN_SHOP,"MODEL,VFX,ANIM,SFX",,,shelly_witch_tex.pvr,shelly_witch_tex.pvr,shelly_witch_tex.pvr,shelly_witch_tex.pvr
MechanicKnightDark,MechanicKnightDark,,5,TurretDragonDark,,10000,,TID_JESSIE_DARK_KNIGHT_SKIN,TID_JESSIE_DARK_KNIGHT_SKIN_SHOP,"MODEL,TURRET,VFX,ANIM",,,"jessie_knight_tex.pvr+hue(masks/jessie/jessie_knight_plume_msk.png,117.209000)+value(masks/jessie/jessie_knight_plume_msk.png,0.600000)+saturation(masks/jessie/jessie_knight_gold_msk.png,0.200000)+value(masks/jessie/jessie_knight_gold_msk.png,0.581000)+value(masks/jessie/jessie_knight_metal_msk.png,0.000000)+hue(masks/jessie/jessie_knight_fabric_msk.png,125.581001)+value(masks/jessie/jessie_knight_fabric_msk.png,0.600000)","jessie_knight_tex.pvr+hue(masks/jessie/jessie_knight_plume_msk.png,117.209000)+value(masks/jessie/jessie_knight_plume_msk.png,0.600000)+saturation(masks/jessie/jessie_knight_gold_msk.png,0.200000)+value(masks/jessie/jessie_knight_gold_msk.png,0.581000)+value(masks/jessie/jessie_knight_metal_msk.png,0.000000)+hue(masks/jessie/jessie_knight_fabric_msk.png,125.581001)+value(masks/jessie/jessie_knight_fabric_msk.png,0.600000)","jessie_knight_tex.pvr+hue(masks/jessie/jessie_knight_plume_msk.png,140.000000)+hue(masks/jessie/jessie_knight_plume_msk.png,0.400000)+saturation(masks/jessie/jessie_knight_gold_msk.png,0.200000)+value(masks/jessie/jessie_knight_gold_msk.png,0.200000)+value(masks/jessie/jessie_knight_metal_msk.png,0.698000)+value(masks/jessie/jessie_knight_fabric_msk.png,0.930000)+hue(masks/jessie/jessie_knight_fabric_msk.png,117.209000)","jessie_knight_tex.pvr+hue(masks/jessie/jessie_knight_plume_msk.png,140.000000)+hue(masks/jessie/jessie_knight_plume_msk.png,0.400000)+saturation(masks/jessie/jessie_knight_gold_msk.png,0.200000)+value(masks/jessie/jessie_knight_gold_msk.png,0.200000)+value(masks/jessie/jessie_knight_metal_msk.png,0.698000)+value(masks/jessie/jessie_knight_fabric_msk.png,0.930000)+hue(masks/jessie/jessie_knight_fabric_msk.png,117.209000)"
TurretDragonDark,TurretDragonDark,,5,,,,,,,,,,"turret_dragon_tex.pvr+hue(masks/jessie/jessie_turrret_dragon_main_msk.png,322.325989)+saturation(masks/jessie/jessie_turrret_dragon_main_msk.png,0.349000)+value(masks/jessie/jessie_turrret_dragon_main_msk.png,0.200000)+hue(masks/jessie/jessie_turrret_dragon_belly_msk.png,330.697998)+saturation(masks/jessie/jessie_turrret_dragon_belly_msk.png,1.395000)+value(masks/jessie/jessie_turrret_dragon_belly_msk.png,0.930000)","turret_dragon_tex.pvr+hue(masks/jessie/jessie_turrret_dragon_main_msk.png,322.325989)+saturation(masks/jessie/jessie_turrret_dragon_main_msk.png,0.349000)+value(masks/jessie/jessie_turrret_dragon_main_msk.png,0.200000)+hue(masks/jessie/jessie_turrret_dragon_belly_msk.png,330.697998)+saturation(masks/jessie/jessie_turrret_dragon_belly_msk.png,1.395000)+value(masks/jessie/jessie_turrret_dragon_belly_msk.png,0.930000)","turret_dragon_tex.pvr+hue(masks/jessie/jessie_turrret_dragon_main_msk.png,351.627991)+saturation(masks/jessie/jessie_turrret_dragon_main_msk.png,1.047000)+value(masks/jessie/jessie_turrret_dragon_main_msk.png,0.814000)","turret_dragon_tex.pvr+hue(masks/jessie/jessie_turrret_dragon_main_msk.png,351.627991)+saturation(masks/jessie/jessie_turrret_dragon_main_msk.png,1.047000)+value(masks/jessie/jessie_turrret_dragon_main_msk.png,0.814000)"
HammerDudeDJ,HammerDudeDJ,,5,,,,80,TID_FRANK_DJ_SKIN,TID_FRANK_DJ_SKIN_SHOP,MODEL,,,frank_dj_tex.pvr,frank_dj_tex.pvr,"frank_dj_tex.pvr+value(masks/frank/frank_dj_coat_msk.png,0.200000)","frank_dj_tex.pvr+value(masks/frank/frank_dj_coat_msk.png,0.200000)"
NinjaWolf,NinjaWolf,3,5,,,,150,TID_LEON_WEREWOLF_SKIN,TID_LEON_WEREWOLF_SKIN_SHOP,"MODEL,VFX,ANIM,SFX",,,leon_wolf_tex.pvr,leon_wolf_tex.pvr,leon_wolf_tex.pvr,leon_wolf_tex.pvr
SpeedyDefault,SpeedyDefault,,5,,,,,,,MODEL,,,max_tex.pvr,max_tex.pvr,max_tex.pvr,max_tex.pvr
LuchadorBrown,LuchadorBrown,4,5,,,,150,TID_EL_PRIMO_BROWN_SKIN,TID_EL_PRIMO_BROWN_SKIN_SHOP,"MODEL,VFX,ANIM",,,primo_brown_tex.pvr,primo_brown_tex.pvr,primo_brown_tex.pvr,primo_brown_tex.pvr
HomerDefault,HomerDefault,,5,,,,,,,,,,spike_tex.pvr,spike_tex.pvr,spike_tex.pvr,spike_tex.pvr
TrickshotDudeTotal,TrickshotDudeTotal,,5,,,,,TID_RICO_BETA_SKIN,TID_RICO_BETA_SKIN_SHOP,MODEL,,,rico_og_tex.pvr,rico_og_tex.pvr,rico_og_tex.pvr,rico_og_tex.pvr
NinjaSally,NinjaSally,4,5,,,,80,TID_LEON_SALLY_SKIN,TID_LEON_SALLY_SKIN_SHOP,"MODEL,VFX",,,leon_sally_tex.pvr,leon_sally_tex.pvr,leon_sally_tex.pvr,leon_sally_tex.pvr
WhirlwindLeonard,WhirlwindLeonard,4,5,,,,80,TID_CARL_LEONARD_SKIN,TID_CARL_LEONARD_SKIN_SHOP,"MODEL,VFX",,,carl_leonard_tex.pvr,carl_leonard_tex.pvr,carl_leonard_tex.pvr,carl_leonard_tex.pvr
TntDudeSantaRope,TntDudeSantaRope,,5,,,,,,,,,,dynamike_santa_blue_tex.pvr,dynamike_santa_tex.pvr,dynamike_santa_blue_tex.pvr,dynamike_santa_tex.pvr
WhirlwindPirate,WhirlwindPirate,1,5,,,,150,TID_CARL_CAPTAIN_SKIN,TID_CARL_CAPTAIN_SKIN_SHOP,"MODEL,VFX,ANIM",,,carl_pirate_tex.pvr,carl_pirate_tex.pvr,carl_pirate_tex.pvr,carl_pirate_tex.pvr
GunslingerPirate,GunslingerPirate,1,5,,,,150,TID_COLT_CORSAIR_SKIN,TID_COLT_CORSAIR_SKIN_SHOP,"MODEL,VFX,ANIM",,,colt_pirate_tex.pvr,colt_pirate_tex.pvr,colt_pirate_tex.pvr,colt_pirate_tex.pvr
CtfGift,CtfGift,,5,,,,,,,,,,item_present_blue.pvr,item_present_red.pvr,,
SpeedyGT,SpeedyGT,,5,,,,30,TID_MAX_BLUE_SKIN,TID_MAX_BLUE_SKIN_SHOP,MODEL,,,max_gt_tex.pvr,max_gt_tex.pvr,max_gt_tex.pvr,max_gt_tex.pvr
BeeSniperDefaultAddonBee,BeeSniperDefaultAddonBee,,5,,,,,,,,,,bea_tex.pvr,bea_tex.pvr,bea_tex.pvr,bea_tex.pvr
BeeSniperLadyBug,BeeSniperLadyBug,,5,BeeSniperSlowPotDefault,,,30,TID_BEA_LADYBUG_SKIN,TID_BEA_LADYBUG_SKIN_SHOP,MODEL,,,bea_ladybug_tex.pvr,bea_ladybug_tex.pvr,bea_ladybug_tex.pvr,bea_ladybug_tex.pvr
PocoPirate,PocoPirate,1,5,,,,80,TID_POCO_PIRATE_SKIN,TID_POCO_PIRATE_SKIN_SHOP,"MODEL,VFX",,,poco_pirate_tex.pvr,poco_pirate_tex.pvr,poco_pirate_tex.pvr,poco_pirate_tex.pvr
BeeSniperLadyBugAddonBee,BeeSniperLadyBugAddonBee,,5,,,,,,,,,,bea_ladybug_tex.pvr,bea_ladybug_tex.pvr,bea_ladybug_tex.pvr,bea_ladybug_tex.pvr
DrillerDefault,DrillerDefault,,5,,,,80,TID_CARL_RR_SKIN,TID_CARL_RR_SKIN_SHOP,"MODEL,VFX",,,jacky_tex.pvr,jacky_tex.pvr,jacky_tex.pvr,jacky_tex.pvr
ArcadeVirus,ArcadeVirus,5,5,DamageBoosterVirus,,,300,TID_8BIT_VIRUS_SKIN,TID_8BIT_VIRUS_SKIN_SHOP,"MODEL,VFX,ANIM,VOICE",,,8bit_virus_tex.pvr,8bit_virus_tex.pvr,8bit_virus_tex.pvr,8bit_virus_tex.pvr
DamageBoosterVirus,DamageBoosterVirus,,5,,,,,,,,,,8bit_virus_tex.pvr,"8bit_virus_tex.pvr+hue(masks/8bit/8bit_msk.png,138.000000)+saturation(masks/8bit/8bit_msk.png,3.000000)+hue(masks/8bit/8bit_light_msk.png,146.000000)",8bit_virus_tex.pvr,"8bit_virus_tex.pvr+hue(masks/8bit/8bit_msk.png,138.000000)+saturation(masks/8bit/8bit_msk.png,3.000000)+hue(masks/8bit/8bit_light_msk.png,146.000000)"
BlackHoleStreetNinja,BlackHoleStreetNinja,5,5,,,,80,TID_TARA_STREET_NINJA_SKIN,TID_TARA_STREET_NINJA_SKIN_SHOP,"MODEL,VFX,ANIM",,,tara_streetninja_tex.pvr,tara_streetninja_tex.pvr,tara_streetninja_tex.pvr,tara_streetninja_tex.pvr
BaseballGamer,BaseballGamer,5,5,,,,150,TID_BIBI_GAMER_SKIN,TID_BIBI_GAMER_SKIN_SHOP,"MODEL,VFX,ANIM",,,bibi_gamer_tex.pvr,bibi_gamer_tex.pvr,bibi_gamer_tex.pvr,bibi_gamer_tex.pvr
SniperValentines,SniperValentines,,5,,,,150,TID_PIPER_CUPID_SKIN,TID_PIPER_CUPID_SKIN_SHOP,"MODEL,VFX",,,piper_valentines_tex.pvr,piper_valentines_tex.pvr,piper_valentines_tex.pvr,piper_valentines_tex.pvr
ShamanKoala,ShamanKoala,,5,ShamanBearKoala,,,80,TID_NITA_KOALA_SKIN,TID_NITA_KOALA_SKIN_SHOP,MODEL,,,nita_koala_tex.pvr,nita_koala_tex.pvr,nita_koala_tex.pvr,nita_koala_tex.pvr
ShamanBearKoala,ShamanBearKoala,,5,,,,,,,,,,nita_koala_bear_tex.pvr,nita_koala_bear_tex.pvr,nita_koala_bear_tex.pvr,nita_koala_bear_tex.pvr
SpawnerPetDefault,SpawnerPetDefault,,5,,,,,,,,,,mrp_spawner_tex.pvr,mrp_spawner_tex.pvr,mrp_spawner_tex.pvr,mrp_spawner_tex.pvr
SpawnerDudeTurretDefault,SpawnerDudeTurretDefault,,5,,,,,,,,,,mrp_spawner_tex.pvr,mrp_spawner_tex.pvr,mrp_spawner_tex.pvr,mrp_spawner_tex.pvr
SpawnerDudeAgentP,SpawnerDudeAgentP,,5,SpawnerDudeTurretAgentP,SpawnerPetAgentP,,30,TID_MRP_AGENT_SKIN,TID_MRP_AGENT_SKIN_SHOP,"MODEL,TURRET",,,mrp_agentp_tex.pvr,mrp_agentp_tex.pvr,mrp_agentp_tex.pvr,mrp_agentp_tex.pvr
SpawnerPetAgentP,SpawnerPetAgentP,,5,,,,,,,,,,mrp_agentp_spawner_tex.pvr,mrp_agentp_spawner_tex.pvr,mrp_agentp_spawner_tex.pvr,mrp_agentp_spawner_tex.pvr
SpawnerDudeTurretAgentP,SpawnerDudeTurretAgentP,,5,,,,,,,,,,mrp_agentp_spawner_tex.pvr,mrp_agentp_spawner_tex.pvr,mrp_agentp_spawner_tex.pvr,mrp_agentp_spawner_tex.pvr
BlowerDefault,BlowerDefault,,5,,,,150,TID_NITA_REINDEER_SKIN,TID_NITA_REINDEER_SKIN_SHOP,"MODEL,PET",,,nita_reindeer_tex.pvr,nita_reindeer_tex.pvr,nita_reindeer_tex.pvr,nita_reindeer_tex.pvr
ControllerDefault,ControllerDefault,,5,,,,150,TID_MECHANIC_KNIGHT_SKIN,TID_MECHANIC_KNIGHT_SKIN_SHOP,"MODEL,TURRET,VFX,ANIM",,,jessie_knight_tex.pvr,jessie_knight_tex.pvr,jessie_knight_tex.pvr,jessie_knight_tex.pvr
WallyDefault,WallyDefault,,5,,,,80,TID_POCO_PIRATE_SKIN,TID_POCO_PIRATE_SKIN_SHOP,"MODEL,VFX",,,sprout_tex.pvr,sprout_tex.pvr,"sprout_tex.pvr+value(masks/sprout/sprout_glass_msk.png,1.000000)+hue(masks/sprout/sprout_glass_msk.png,347.441986)","sprout_tex.pvr+value(masks/sprout/sprout_glass_msk.png,1.000000)+hue(masks/sprout/sprout_glass_msk.png,347.441986)"
BarrelBotFootball,BarrelBotFootball,,5,,,,80,TID_MASCOT_DARRYL_SKIN,TID_MASCOT_DARRYL_SKIN_SHOP,"MODEL,TEXTURE,ANIM,VFX",,,darryl_fb_tex.pvr,darryl_fb_tex.pvr,darryl_fb_tex.pvr,darryl_fb_tex.pvr
ShotgunGirlFootball,ShotgunGirlFootball,6,5,,,,80,TID_PSG_SHELLY_SKIN,TID_PSG_SHELLY_SKIN_SHOP,"MODEL,TEXTURE,ANIM",,,shelly_fb_tex.pvr,shelly_fb_tex.pvr,shelly_fb_tex.pvr,shelly_fb_tex.pvr
TntDudeFootball,TntDudeFootball,,5,,,,150,TID_COACH_MIKE_SKIN,TID_COACH_MIKE_SKIN_SHOP,"MODEL,TEXTURE,ANIM,VFX",,,dynamike_coach_tex.pvr,dynamike_coach_tex.pvr,dynamike_coach_tex.pvr,dynamike_coach_tex.pvr
BallArena,BallArena,,5,,,,,,,,,,,,,
MechanicTanuki,MechanicTanuki,,5,MechanicTurretTanuki,,,150,TID_TANUKI_JESSIE_SKIN,TID_TANUKI_JESSIE_SKIN_SHOP,"MODEL,TEXTURE,ANIM,VFX",,,jessie_tanuki_tex.pvr,jessie_tanuki_tex.pvr,jessie_tanuki_tex.pvr,jessie_tanuki_tex.pvr
BowDudeHorus,BowDudeHorus,7,5,BowDudeTotemDefault,,,150,TID_HORUS_BO_SKIN,TID_HORUS_BO_SKIN_SHOP,"MODEL,TEXTURE,ANIM,VFX",gedi-kor,,bo_falcon_tex.pvr,bo_falcon_tex.pvr,bo_falcon_tex.pvr,bo_falcon_tex.pvr
BallArenaPSG,BallArenaPSG,,5,,,,,,,,,,,,,
ArtilleryDudeDarkBunny,ArtilleryDudeDarkBunny,,5,ArtilleryTurretDarkBunny,,10000,,TID_BLACK_BUNNY_PENNY_SKIN,TID_BLACK_BUNNY_PENNY_SKIN_SHOP,"MODEL,TEXTURE",,,penny_bunnydark_tex.pvr,penny_bunnydark_tex.pvr,penny_bunnydark_tex.pvr,penny_bunnydark_tex.pvr
ArtilleryTurretDarkBunny,ArtilleryTurretBunny,,5,,,,,,,,,,penny_bunnydark_tex.pvr,penny_bunnydark_tex.pvr,penny_bunnydark_tex.pvr,penny_bunnydark_tex.pvr
MummyCollege,MummyCollege,,5,,,500,,TID_COLLEGE_EMZ_SKIN,TID_COLLEGE_EMZ_SKIN_SHOP,"MODEL,TEXTURE",,,emz_college_tex.pvr,emz_college_tex.pvr,emz_college_tex.pvr,emz_college_tex.pvr
BeeSniperSlowPotDefault,BeeSniperSlowPotDefault,,5,,,,,,,,,,bea_gadget_honeypot_tex.pvr,bea_gadget_honeypot_tex.pvr,bea_gadget_honeypot_tex.pvr,bea_gadget_honeypot_tex.pvr
MechanicTurretTanuki,MechanicTurretTanuki,,5,,,,,,,,,,turret_jessie_tanuki_tex.pvr,turret_jessie_tanuki_tex.pvr,turret_jessie_tanuki_tex.pvr,turret_jessie_tanuki_tex.pvr
BowDudeTotemDefault,BowDudeTotemDefault,,5,,,,,,,,,,bo_gadget_totem_tex.pvr,bo_gadget_totem_tex.pvr,bo_gadget_totem_tex.pvr,bo_gadget_totem_tex.pvr
SpeedyInv,SpeedyDefault,6,5,,,,,TID_INV_MAX_SKIN,TID_INV_MAX_SKIN_SHOP,MODEL,,,max_inv_tex.png,max_inv_tex.png,max_inv_tex.png,max_inv_tex.png
,,,,,,,,,,,,,,,,