Name,FileName,StartFrame,EndFrame,Speed,TransitionInMs,TransitionOutMs,AutoFadeMs,Looping,Priority
string,string,int,int,int,int,int,int,boolean,string
Turret,turret_jessie_geo.scw,,-1,,,,,,
TurretSpawn,turret_jessie_spawn.scw,,-1,,,,1,,3
TurretIdle,turret_jessie_idle.scw,,-1,,,,,true,
TurretAttack,turret_jessie_attack.scw,,-1,,,,1,,4
GunslingerIdle,colt_idle.scw,,-1,,100,100,,true,
GunslingerWalk,colt_walk.scw,,-1,125,100,100,,true,1
GunslingerPrimary,colt_attack.scw,,-1,,100,200,100,,spine_lower_s#3
GunslingerSecondary,colt_attack.scw,,-1,,200,200,100,,spine_lower_s#3
GunslingerRecoil,colt_recoil1.scw,1,10,,100,100,200,,spine_lower_s#4
GunslingerRecoil2,colt_recoil2.scw,1,10,,100,100,200,,spine_lower_s#4
GunslingerReload,colt_idle.scw,1,3,,800,800,800,,spine_lower_s#4
GunslingerPushback,colt_pushback.scw,,-1,,100,100,100,,5
GunslingerWin,colt_win.scw,,-1,,,,,,
GunslingerWinloop,colt_idle.scw,,-1,,,,,true,
GunslingerLose,colt_loseloop.scw,,47,,,,200,,
GunslingerLoseloop,colt_loseloop.scw,48,85,,,,200,true,
GunslingerProfile,colt_win.scw,1,1,,,,,,
TntguyIdle,dynamike_idle.scw,,-1,,100,100,,true,0
TntguyWalk,dynamike_walk.scw,1,29,150,100,100,,true,1
TntguyPrimary,dynamike_attack.scw,1,5,,,,10,,hips_s#3
TntguySecondary,dynamike_super.scw,1,5,,,,10,,hips_s#3
TntguyRecoil,dynamike_attack.scw,5,20,,,,100,,hips_s#3
TntguyReload,dynamike_walk.scw,1,5,150,100,100,10,,spine_lower_s#0
TntguyUlti,dynamike_super.scw,5,20,,,,100,,hips_s#3
TntguyPushback,dynamike_pushback.scw,,-1,,100,100,100,,5
TntguyWin,dynamike_win.scw,1,62,,,,,,
TntguyWinloop,dynamike_win.scw,62,89,80,,,,true,
TntguyLose,dynamike_lose.scw,,41,,,,,,
TntguyLoseloop,dynamike_lose.scw,41,50,,,,,true,
TntguyProfile,dynamike_idle.scw,20,20,,,,,true,
UndertakerIdle,mortis_idle.scw,1,30,,200,200,,true,
UndertakerAttack,mortis_attack.scw,,30,,,200,100,,1
UndertakerWalk,mortis_walk.scw,1,29,150,100,100,,true,1
UndertakerRecoil1,mortis_attack.scw,,30,,,,200,,1
UndertakerUltiRecoil1,mortis_ulti.scw,,25,,,,200,,hips_s#4+L_upperLeg_s#0+R_upperLeg_s#0
UndertakerUltiAttack,mortis_ulti.scw,,30,,,,,,hips_s#4+L_upperLeg_s#0+R_upperLeg_s#0
UndertakerPushback,mortis_pushback.scw,,-1,,100,100,100,,5
UndertakerWin,mortis_win.scw,1,77,,,,,,1
UndertakerWinloop,mortis_win.scw,77,106,,,,,true,1
UndertakerLose,mortis_lose.scw,1,54,,,,,,1
UndertakerLoseloop,mortis_lose.scw,54,60,,,,,true,1
UndertakerProfile,mortis_win.scw,49,49,,,,,,1
MariachiIdle,mariachi_idle.scw,-1,-1,,100,100,,true,
MariachiWalk,mariachi_walk.scw,-1,-1,140,100,100,,true,1
MariachiAttack,mariachi_attack.scw,-1,-1,,100,100,300,,ChestBone#3
MariachiSecondary,mariachi_attack.scw,-1,-1,,100,100,200,,ChestBone#3
MariachiRecoil,mariachi_recoil.scw,-1,-1,,100,200,150,,ChestBone#4
MariachiReload,mariachi_reload.scw,-1,-1,,100,200,200,,ChestBone#2
MariachiPushback,mariachi_idle.scw,-1,-1,,200,300,500,,5
MariachiWin,mariachi_win1.scw,-1,-1,50,,,50,,
MariachiWinloop,mariachi_winloop1.scw,-1,-1,,,,,true,
MariachiLose,mariachi_lose1.scw,-1,-1,,,,50,,
MariachiLoseloop,mariachi_loseloop1.scw,-1,-1,,,,,true,
CrowIdle,crow_idle1.scw,,-1,,100,100,,true,
CrowWalk,crow_walk1.scw,,-1,200,100,100,,true,1
CrowPrimary,crow_attack1.scw,,-1,,100,300,600,,ChestBone#3
CrowSecondary,crow_attack2.scw,,-1,,50,50,10,,5
CrowRecoil,crow_recoil1.scw,,-1,,50,50,200,,ChestBone#4
CrowReload,crow_idle1.scw,,-1,,200,200,200,,ChestBone#2
CrowPushback,crow_idle1.scw,,-1,,200,100,200,,5
CrowWin,crow_win1.scw,,-1,,,,200,,
CrowWinloop,crow_winloop1.scw,,-1,,,,,true,
CrowLose,crow_lose1.scw,,-1,,,,200,,
CrowLoseloop,crow_loseloop1.scw,,-1,,,,,true,
CrowProfile,crow_win1.scw,1,1,,,,,,
BowGuyIdle,bo_idle.scw,1,29,,100,100,,true,
BowGuyWalk,bo_walk.scw,1,20,,100,100,,true,1
BowGuyAttack,bo_attack.scw,1,12,,50,50,350,,hips_s#4+L_upperLeg_s#0+R_upperLeg_s#0
BowGuySecondary,bo_ult.scw,1,12,,50,50,350,,hips_s#4+L_upperLeg_s#0+R_upperLeg_s#0
BowGuyRecoil,bo_attack.scw,13,30,,50,50,350,,hips_s#4+L_upperLeg_s#0+R_upperLeg_s#0
BowGuyRecoil2,bo_ult.scw,13,30,,50,50,350,,hips_s#4+L_upperLeg_s#0+R_upperLeg_s#0
BowGuyWin,bo_win.scw,-1,79,,100,100,500,,
BowGuyWinloop,bo_win.scw,80,120,,100,100,200,true,
BowGuyLose,bo_lose.scw,1,29,,100,100,200,,
BowGuyLoseloop,bo_lose.scw,30,79,,100,100,200,true,
BowGuyProfile,bo_idle.scw,1,1,,,,,true,
RicoIdle,rico_idle.scw,,-1,,100,100,,true,
RicoWalk,rico_walk.scw,,25,,100,100,,true,1
RicoPrimary,rico_attack.scw,5,10,,100,200,100,,hips_s#4+L_upperLeg_s#0+R_upperLeg_s#0
RicoSecondary,rico_attack.scw,5,30,,200,200,100,,hips_s#4+L_upperLeg_s#0+R_upperLeg_s#0
RicoRecoil,rico_attack.scw,5,30,,100,100,100,,hips_s#4+L_upperLeg_s#0+R_upperLeg_s#0
RicoReload,rico_idle.scw,1,2,,200,200,200,,
RicoPushback,rico_idle.scw,,-1,,200,100,200,,5
RicoWin,rico_win.scw,1,149,,,,,,
RicoWinloop,rico_win.scw,150,210,,,,,true,
RicoLose,rico_lose.scw,1,70,,,,,,
RicoLoseloop,rico_lose.scw,70,75,,,,,true,
RicoProfile,rico_win.scw,1,1,,,,,true,
RicoPopcornIdle,rico_popcorn_idle.scw,,-1,,100,100,,true,
RicoPopcornWalk,rico_walk.scw,,-1,120,100,100,,true,1
RicoPopcornPrimary,rico_attack.scw,5,10,,100,200,100,,hips_s#4+L_upperLeg_s#0+R_upperLeg_s#0
RicoPopcornSecondary,rico_attack.scw,5,30,,100,200,100,true,hips_s#4+L_upperLeg_s#0+R_upperLeg_s#0
RicoPopcornRecoil,rico_attack.scw,5,30,,100,100,100,,hips_s#4+L_upperLeg_s#0+R_upperLeg_s#0
RicoPopcornReload,rico_popcorn_idle.scw,1,2,,200,200,200,,
RicoPopcornPushback,rico_popcorn_idle.scw,,-1,,200,100,200,,5
RicoPopcornWin,rico_popcorn_win.scw,1,149,,,,,,
RicoPopcornWinloop,rico_popcorn_win.scw,150,210,,,,,true,
RicoPopcornLose,rico_popcorn_lose.scw,1,46,,,,,,
RicoPopcornLoseloop,rico_popcorn_lose.scw,46,138,,,,,true,
RicoGoldIdle,rico_gold_idle.scw,,-1,,100,100,,true,
RicoGoldWalk,rico_gold_walk.scw,,25,120,100,100,,true,1
RicoGoldPrimary,rico_gold_attack.scw,1,10,,,,100,,hips_s#4+L_upperLeg_s#0+R_upperLeg_s#0
RicoGoldSecondary,rico_gold_attack.scw,1,10,,,,100,,hips_s#4+L_upperLeg_s#0+R_upperLeg_s#0
RicoGoldRecoil,rico_gold_attack.scw,1,10,,25,,100,,hips_s#4+L_upperLeg_s#0+R_upperLeg_s#0
RicoGoldReload,rico_gold_idle.scw,1,2,,200,200,200,,
RicoGoldPushback,rico_gold_idle.scw,,-1,,200,100,200,,5
RicoGoldWin,rico_gold_win.scw,1,150,,,,,,
RicoGoldWinloop,rico_gold_win.scw,150,210,,,,,true,
RicoGoldLose,rico_gold_lose.scw,1,82,,,,,,
RicoGoldLoseloop,rico_gold_lose.scw,82,85,,,,,true,
JunkerIdle,jessie_idle.scw,,-1,,100,100,,true,
JunkerWalk,jessie_walk.scw,,-1,150,100,100,,true,1
JunkerPrimary,jessie_attack.scw,1,5,,,,100,,hips_s#4+L_upperLeg_s#0+R_upperLeg_s#0
JunkerUltiAttack,jessie_idle.scw,,-1,,200,200,10,true,5
JunkerRecoil,jessie_attack.scw,5,15,,,,100,,hips_s#4+L_upperLeg_s#0+R_upperLeg_s#0
JunkerUltiRecoil,jessie_idle.scw,,-1,,200,200,100,,5
JunkerReload,jessie_idle.scw,,-1,,200,200,200,,ChestBone#2
JunkerPushback,jessie_pushback.scw,,-1,,100,100,100,,5
JunkerWin,jessie_win.scw,1,107,,,,,,
JunkerWinloop,jessie_win.scw,107,139,,,,,true,
JunkerLose,jessie_lose.scw,1,56,,,,,,
JunkerLoseloop,jessie_lose.scw,56,70,,,,,true,
JunkerProfile,jessie_portrait.scw,1,1,,,,,true,
BarkeepIdle,barkeep_idle.scw,-1,-1,,100,100,250,true,
BarkeepWalk,barkeep_walk.scw,,19,120,100,100,,true,1
BarkeepPrimary,barkeep_attack1.scw,3,12,,,,,,ChestBone#3
BarkeepSecondary,barkeep_attack1.scw,-1,-1,,100,50,200,,ChestBone#3
BarkeepRecoil,barkeep_attack1.scw,3,12,,10,10,10,,ChestBone#4
BarkeepReload,barkeep_idle.scw,-1,-1,,200,200,200,,ChestBone#2
BarkeepPushback,barley_pushback.scw,-1,-1,,100,100,100,,5
BarkeepWin,barkeep_win1.scw,,30,,50,250,250,,
BarkeepWinloop,barkeep_win1.scw,30,80,,25,,,true,
BarkeepLose,barkeep_lose1.scw,-1,-1,130,,,50,,
BarkeepLoseloop,barkeep_loseloop1.scw,-1,-1,120,,,,true,
BarkeepWinidleloop,barkeep_winidleloop.scw,-1,-1,,,,,true,
BarkeepProfile,barkeep_win1.scw,1,1,,,,,,
SpikeIdle,spike_idle.scw,,-1,,100,100,,true,
SpikeWalk,spike_walk.scw,,-1,,100,100,,true,1
SpikePrimary,spike_attack.scw,8,20,,,,100,,hips_s#4+L_upperLeg_s#0+R_upperLeg_s#0
SpikeSecondary,spike_attack.scw,5,20,,,,100,,hips_s#4+L_upperLeg_s#0+R_upperLeg_s#0
SpikeRecoil,spike_attack.scw,8,20,,,,100,,hips_s#4+L_upperLeg_s#0+R_upperLeg_s#0
SpikeRecoil2,spike_attack.scw,5,20,,,,100,,hips_s#4+L_upperLeg_s#0+R_upperLeg_s#0
SpikeReload,spike_idle.scw,1,2,,200,200,200,,5
SpikeWin,spike_win.scw,1,43,,,,,,5
SpikeWinloop,spike_win.scw,43,63,,,,,true,1
SpikeLose,spike_lose.scw,1,79,,,,,,5
SpikeLoseloop,spike_loseloop.scw,80,-1,,,,,true,1
SpikeProfile,spike_win.scw,34,34,,,,,,5
LouchadorIdle,primo_idle.scw,1,49,,200,200,,true,
LouchadorWalk,primo_walk.scw,1,27,120,150,150,,true,1
LouchadorPrimary,primo_attack.scw,,5,,1,100,50,,hips_s#3+L_upperLeg_s#0+R_upperLeg_s#0
LouchadorSecondary,primo_super.scw,,-1,,100,100,,,5
LouchadorRecoil,primo_attack.scw,5,12,,,,50,,hips_s#5+L_upperLeg_s#0+R_upperLeg_s#0
LouchadorPushback,primo_idle.scw,,20,,100,100,400,,5
LouchadorRecoil2,primo_attack.scw,16,24,,,,50,,hips_s#4+L_upperLeg_s#0+R_upperLeg_s#0
LouchadorWin,primo_win.scw,1,111,,,,,,5
LouchadorWinloop,primo_win.scw,112,-1,,,,,true,1
LouchadorLose,primo_lose.scw,1,41,,,,200,,5
LouchadorLoseloop,primo_lose.scw,42,89,,,,,true,1
LouchadorProfile,primo_portrait.scw,1,1,,,,,true,5
LouchadorGadgetFlipPrimary,primo_gadget_flip_attack.scw,1,6,,,,1,,hips_s#0+L_upperLeg_s#0+R_upperLeg_s#0
LouchadorGadgetFlipRecoil,primo_gadget_flip_attack.scw,6,20,,,,100,,hips_s#0+L_upperLeg_s#0+R_upperLeg_s#0
ShamanIdle,nita_idle.scw,1,34,,100,100,,true,
ShamanWalk,nita_walk.scw,1,29,170,100,100,,true,1
ShamanAttack,nita_attack.scw,1,20,,,,10,,spine_lower_s#4
ShamanSecondary,nita_attack.scw,1,20,,,,10,,spine_lower_s#4
ShamanRecoil,nita_attack.scw,1,20,,,,100,,spine_lower_s#4
ShamanReload,nita_idle.scw,-1,-1,,,,100,,ChestBone#2
ShamanPushback,nita_pushback.scw,-1,-1,,100,100,100,,5
ShamanWin,spike_win.scw,1,43,,,,,,5
ShamanWinloop,spike_win.scw,43,63,,,,,true,1
ShamanLose,nita_lose.scw,1,30,,,,,,5
ShamanLoseloop,nita_lose.scw,30,35,,,,,true,1
ShamanProfile,nita_win.scw,88,88,,,,,,5
ShellyIdle,shelly_idle.scw,,-1,,100,100,,true,
ShellyWalk,shelly_walk.scw,1,30,,100,100,,true,1
ShellyPrimary,shelly_attack.scw,1,5,,,,,,hips_s#3+L_upperLeg_s#0+R_upperLeg_s#0
ShellySecondary,shelly_attack.scw,1,5,,,,,,hips_s#4+L_upperLeg_s#0+R_upperLeg_s#0
ShellyRecoil,shelly_attack.scw,6,20,,,,100,,hips_s#4+L_upperLeg_s#0+R_upperLeg_s#0
ShellyReload,shelly_reload.scw,1,-1,,,,100,,hips_s#0+L_upperLeg_s#0+R_upperLeg_s#0+R_clavicle_s#4+R_shoulder_s#4+R_elbow_s#4+R_forearm_twist_s#4+R_wrist_s#4+L_clavicle_s#4+L_shoulder_s#4+L_elbow_s#4+L_forearm_twist_s#4+L_wrist_s#4
ShellyPushback,shelly_pushback.scw,,-1,,100,100,100,,5
ShellyWin,shelly_win.scw,1,59,,,,,,5
ShellyWinloop,shelly_win.scw,60,102,,,,,true,1
ShellyLose,shelly_lose.scw,1,50,,,,,,5
ShellyLoseloop,shelly_lose.scw,50,130,,,,,true,1
ShellyProfile,shelly_win.scw,80,80,,,,,true,
BearIdle,nita_bear_idle.scw,-1,-1,,100,100,,true,
BearWalk,nita_bear_walk.scw,1,40,170,100,100,,true,1
BearAttack,nita_bear_attack.scw,-1,-1,,100,200,150,,spine_lower_s#4
BearRecoil,nita_bear_attack.scw,-1,-1,,1,1,50,,spine_lower_s#4
BearPushback,nita_bear_idle.scw,-1,-1,,200,300,500,,5
BearWin,nita_bear_win.scw,-1,-1,,200,300,500,,5
BrockIdle,brock_idle1.scw,-1,-1,135,100,100,,true,
BrockWalk,brock_walk1.scw,-1,-1,150,100,100,,true,1
BrockPrimary,brock_attack1.scw,-1,-1,,1,300,300,,hips_s#4+L_upperLeg_s#0+R_upperLeg_s#0
BrockSecondary,brock_attack1.scw,-1,-1,,1,,,,hips_s#4+L_upperLeg_s#0+R_upperLeg_s#0
BrockRecoil,brock_attack1.scw,-1,-1,,1,100,100,,hips_s#4+L_upperLeg_s#0+R_upperLeg_s#0
BrockRecoil2,brock_attack1.scw,-1,-1,,1,100,100,,hips_s#4+L_upperLeg_s#0+R_upperLeg_s#0
BrockPushback,brock_pushback1.scw,,-1,,100,100,100,,5
BrockWin,brock_win1.scw,,50,,,500,500,,5
BrockWinloop,brock_winloop1.scw,,59,,500,,500,true,5
BrockLose,brock_lose1.scw,1,70,,,,,,5
BrockLoseloop,brock_lose1.scw,70,110,,,,,true,5
BrockHero,brock_win1.scw,,35,,,200,200,,5
BrockProfile,brock_win1.scw,1,1,,,,,true,5
BrockBoomboxProfile,brock_boombox_idle.scw,1,1,,,,,true,5
BrockBoomboxWin,brock_boombox_win.scw,1,56,,,,,true,5
BrockBoomboxWinIntro,brock_boombox_win_intro.scw,1,95,,,,,,5
BrockCnyWalk,brock_cny_walk.scw,-1,-1,,100,100,,true,1
BullRockIdle,bull_idle.scw,,29,,150,150,,true,
BullRockWalk,bull_walk.scw,,21,,100,100,,true,1
BullRockPrimary,bull_attack.scw,1,5,,,,,,hips_s#4+L_upperLeg_s#0+R_upperLeg_s#0
BullRockSecondary,bull_super.scw,,21,150,100,100,200,true,5
BullRockRecoil,bull_attack.scw,5,20,,50,,200,,hips_s#4+L_upperLeg_s#0+R_upperLeg_s#0
BullRockReload,bull_idle.scw,1,10,200,500,500,500,,ChestBone#2
BullRockPushback,bull_rock_pushback.scw,,-1,,100,100,100,,5
BullRockWin,bull_win.scw,,54,,,,,,5
BullRockWinloop,bull_win.scw,55,91,,,,,true,5
BullRockLose,bull_lose.scw,,25,,,,,,5
BullRockLoseloop,bull_lose.scw,30,36,,,,,true,5
BullRockProfile,bull_win.scw,1,1,,,,,true,5
BullVikingIdle,bull_viking_idle.scw,,29,,150,150,150,true,
BullVikingWalk,bull_viking_walk.scw,,21,,100,100,,true,1
BullVikingPrimary,bull_viking_attack.scw,1,5,,,,10,,hips_s#4+L_upperLeg_s#0+R_upperLeg_s#0
BullVikingSecondary,bull_viking_walk.scw,,21,150,,,200,true,1
BullVikingRecoil,bull_viking_attack.scw,5,20,,25,,100,,hips_s#4+L_upperLeg_s#0+R_upperLeg_s#0
BullVikingReload,bull_viking_attack.scw,1,10,200,500,500,500,,ChestBone#2
BullVikingPushback,bull_viking_pushback.scw,,-1,,100,100,100,,5
BullVikingWin,bull_viking_win.scw,,54,,,,,,5
BullVikingWinloop,bull_viking_win.scw,55,91,,,,,true,5
BullVikingLose,bull_viking_lose.scw,,25,,,,,,5
BullVikingLoseloop,bull_viking_lose.scw,30,36,,,,,true,5
BullFootbullLose,bull_footbull_lose.scw,,25,,,,,,5
BullFootbullLoseloop,bull_footbull_lose.scw,30,65,,,,,true,5
BullFootbullWin,bull_footbull_win.scw,,54,,,200,200,,5
BullFootbullWinloop,bull_footbull_win.scw,55,91,,,,,true,5
SniperIdle,piper_idle.scw,1,41,,100,100,,true,
SniperWalk,piper_walk.scw,1,20,,100,100,,true,1
SniperAttack,piper_attack.scw,1,12,,,,,,hips_s#4+L_upperLeg_s#0+R_upperLeg_s#0+R_dress_01_s#0+L_dress_01_s#0+F_dress_01_s#0+B_dress_01_s#0
SniperSecondary,piper_super.scw,,-1,,50,50,50,,5
SniperRecoil,piper_attack.scw,13,25,,,,200,,hips_s#5+L_upperLeg_s#0+R_upperLeg_s#0+R_dress_01_s#0+L_dress_01_s#0+F_dress_01_s#0+B_dress_01_s#0
SniperReload,piper_idle.scw,,10,,100,100,500,,hips_s#4+L_upperLeg_s#0+R_upperLeg_s#0+R_dress_01_s#0+L_dress_01_s#0+F_dress_01_s#0+B_dress_01_s#0
SniperPushback,piper_pushback.scw,1,10,,50,50,100,,5
SniperWin,piper_win.scw,1,114,,,,,,5
SniperWinloop,piper_win.scw,115,155,,,,,true,1
SniperLose,piper_lose.scw,1,61,,,,,,5
SniperLoseloop,piper_lose.scw,62,104,,,,,true,1
SniperProfile,piper_portrait.scw,,,,,,,,5
SniperGadgetPistolAttack,piper_gadget_pistol_attack.scw,1,13,,,,,,hips_s#4+L_upperLeg_s#0+R_upperLeg_s#0+R_dress_01_s#0+L_dress_01_s#0+F_dress_01_s#0+B_dress_01_s#0
SniperGadgetPistolRecoil,piper_gadget_pistol_attack.scw,13,25,,,,200,,hips_s#5+L_upperLeg_s#0+R_upperLeg_s#0+R_dress_01_s#0+L_dress_01_s#0+F_dress_01_s#0+B_dress_01_s#0
MinigunnerIdle,minigunner_idle.scw,,39,,100,100,,true,PelvisBone#4
MinigunnerWalk,minigunner_walk.scw,-1,-1,140,500,500,,true,1
MinigunnerPrimary,minigunner_idle.scw,-1,-1,,100,200,200,,ChestBone#3
MinigunnerSecondary,minigunner_ulti1.scw,,3,,100,100,200,true,ChestBone#4
MinigunnerRecoil,minigunner_idle.scw,-1,-1,,100,100,200,,ChestBone#4
MinigunnerRecoil2,minigunner_ulti1.scw,,15,,100,100,200,,ChestBone#4
MinigunnerReload,minigunner_idle.scw,-1,-1,,100,100,600,,ChestBone#2
MinigunnerPushback,minigunner_idle.scw,-1,-1,,100,200,400,,5
MinigunnerWin,minigunner_win1.scw,,32,,,,200,,5
MinigunnerWinloop,minigunner_win1.scw,33,57,,,,,true,5
MinigunnerLose,minigunner_lose1.scw,,40,,,,200,,5
MinigunnerLoseloop,minigunner_lose1.scw,40,45,,,,,true,5
MinigunnerProfile,minigunner_idle.scw,1,1,,100,100,,true,PelvisBone#4
HealingStation,healstation_geo.scw,-1,-1,,,,,true,
BarrelbotIdle,barrelbot_idle.scw,-1,-1,,100,100,,true,
BarrelbotWalk,barrelbot_walk.scw,-1,-1,150,100,100,,true,1
BarrelbotPrimary,barrelbot_idle.scw,-1,-1,,200,200,100,,ChestBone#3
BarrelbotSecondary,darryl_super.scw,,29,,1,1,1,,5
BarrelbotRecoil,barrelbot_recoil.scw,-1,-1,,200,200,100,,ChestBone#4
BarrelbotRecoil2,barrelbot_recoil2.scw,-1,-1,,200,200,100,,ChestBone#4
BarrelbotReload,barrelbot_recoil.scw,-1,-1,,800,800,800,,ChestBone#2
BarrelbotPushback,barrelbot_idle.scw,-1,-1,,200,100,200,,5
BarrelbotWin,darryl_win.scw,,-1,,,,200,,
BarrelbotWinloop,darryl_winloop.scw,,-1,,,,,true,
BarrelbotLose,darryl_lose.scw,,-1,,,,200,,
BarrelbotHide,barrelbot_signature.scw,-1,-1,,200,200,100,true,
BarrelbotLoseloop,darryl_lose.scw,45,45,,,,,true,
BarrelbotShipLoop,darryl_ship_loop.scw,-1,-1,,,,,true,1
RangedBotIdle,rangedbot_idle.scw,-1,-1,,100,100,,true,
RangedBotWalk,rangedbot_walk.scw,-1,-1,100,100,100,,true,1
RangedBotPrimary,rangedbot_attack1.scw,-1,-1,,100,300,600,,ChestBone#3
RangedBotSecondary,rangedbot_attack1.scw,-1,-1,,100,300,600,,ChestBone#3
RangedBotRecoil,rangedbot_recoil.scw,-1,-1,,100,200,400,,ChestBone#4
RangedBotReload,rangedbot_reload.scw,-1,-1,,200,200,200,,ChestBone#2
RangedBotPushback,rangedbot_idle.scw,-1,-1,,200,100,200,,5
RangedBotWin,rangedbot_win1.scw,-1,-1,,,,200,,
RangedBotWinloop,rangedbot_winloop1.scw,-1,-1,,,,,true,
RangedBotLose,rangedbot_lose1.scw,-1,-1,,,,200,,
RangedBotLoseloop,rangedbot_loseloop1.scw,-1,-1,,,,,true,
FastMeleeBotIdle,fastmeleebot_idle.scw,-1,-1,,500,500,,true,
FastMeleeBotWalk,fastmeleebot_walk.scw,-1,-1,150,120,200,,true,1
FastMeleeBotRecoil,fastmeleebot_recoil.scw,-1,-1,,1,100,200,,PelvisBone#4+RLegBone#0+LLegBone#0
FastMeleeBotPushback,fastmeleebot_idle.scw,-1,-1,,100,100,400,,5
FastMeleeBotWin,fastmeleebot_idle.scw,-1,-1,,,,200,,5
FastMeleeBotWinloop,fastmeleebot_idle.scw,-1,-1,,,,,true,1
FastMeleeBotLose,fastmeleebot_idle.scw,-1,-1,,,,200,,5
FastMeleeBotLoseloop,fastmeleebot_idle.scw,-1,-1,,,,,true,1
MeleeBotIdle,meleebot_idle.scw,-1,-1,,500,500,,true,
MeleeBotWalk,meleebot_walk.scw,-1,-1,150,120,200,,true,1
MeleeBotRecoil,recoil.scw,-1,-1,,1,100,200,,PelvisBone#4+RLegBone#0+LLegBone#0
MeleeBotPushback,meleebot_idle.scw,-1,-1,,100,100,400,,5
MeleeBotRecoil2,recoil_2.scw,-1,-1,,1,100,200,,PelvisBone#4+RLegBone#0+LLegBone#0
MeleeBotWin,meleebot_idle.scw,-1,-1,,,,200,,5
MeleeBotWinloop,meleebot_idle.scw,-1,-1,,,,,true,1
MeleeBotLose,meleebot_idle.scw,-1,-1,,,,200,,5
MeleeBotLoseloop,meleebot_idle.scw,-1,-1,,,,,true,1
BossBotIdle,bossbot_idle.scw,-1,-1,,500,500,,true,
BossBotWalk,bossbot_walk.scw,-1,-1,150,120,200,,true,1
BossBotPrimary,bossbot_shoot_recoil.scw,-1,-1,,1,100,200,,ChestBone#3
BossBotRecoil,bossbot_recoil_1.scw,-1,-1,,1,100,200,,PelvisBone#4+RLegBone#0+LLegBone#0
BossBotPushback,bossbot_idle.scw,-1,-1,,100,100,400,,5
BossBotRecoil2,bossbot_recoil_2.scw,-1,-1,,1,100,200,,PelvisBone#4+RLegBone#0+LLegBone#0
BossBotWin,bossbot_idle.scw,-1,-1,,,,200,,5
BossBotWinloop,bossbot_idle.scw,-1,-1,,,,,true,1
BossBotLose,bossbot_idle.scw,-1,-1,,,,200,,5
BossBotLoseloop,bossbot_idle.scw,-1,-1,,,,,true,1
ArtilleryGalIdle,mari_idle.scw,,-1,,100,100,,true,
ArtilleryGalWalk,mari_walk.scw,,28,150,100,100,,true,1
ArtilleryGalPrimary,mari_attack.scw,1,5,,,,1,,hips_s#4+L_upperLeg_s#0+R_upperLeg_s#0
ArtilleryGalUltiAttack,mari_ult.scw,,5,,,,10,,hips_s#4+L_upperLeg_s#0+R_upperLeg_s#0
ArtilleryGalRecoil,mari_attack.scw,5,20,,,,150,,hips_s#4+L_upperLeg_s#0+R_upperLeg_s#0
ArtilleryGalUltiRecoil,mari_ult.scw,5,22,,,,250,,hips_s#4+L_upperLeg_s#0+R_upperLeg_s#0
ArtilleryGalReload,mari_idle.scw,,5,,200,200,200,,
ArtilleryGalPushback,mari_pushback.scw,,-1,,100,100,200,,5
ArtilleryGalWin,mari_win.scw,1,62,,,,,,
ArtilleryGalWinloop,mari_win.scw,63,92,,,,,true,
ArtilleryGalLose,mari_lose.scw,1,50,,,,,,
ArtilleryGalLoseloop,mari_lose.scw,40,50,,,,,true,
ArtilleryGalProfile,mari_win.scw,1,1,,,,,true,
FrankIdle,frank_idle.scw,,-1,,500,500,,true,
FrankWalk,frank_walk.scw,1,29,120,300,300,,true,5
FrankPrimary,frank_attack.scw,1,45,,,,100,,5
FrankSecondary,frank_ulti.scw,1,50,,100,100,,,5
FrankRecoil,frank_attack.scw,22,35,,,,200,,5
FrankPushback,frank_pushback.scw,,-1,,120,120,400,,5
FrankRecoil2,frank_ulti.scw,36,50,,1,1,100,,5
FrankWin,frank_win.scw,1,22,,,,,,5
FrankWinloop,frank_win.scw,23,50,,,,,true,1
FrankLose,frank_lose.scw,1,74,,,,,,5
FrankLoseloop,frank_lose.scw,75,119,,,,,true,1
FrankProfile,frank_idle.scw,44,44,,,,,,
FrankMortuary,frank_mortuary_env_loop.scw,-1,-1,,,,,true,1
ArtillerySpawn,turret_spawn.scw,-1,-1,,,,1,,3
ArtilleryIdle,turret_idle.scw,-1,-1,,,,,true,
ArtilleryAttack,turret_attack.scw,-1,-1,100,,,1,,4
JunkerKnightWalk,jessie_knight_walk.scw,-1,-1,150,100,100,,true,1
JunkerKnightIdle,jessie_knight_idle.scw,1,29,,100,100,,true,
JunkerKnightPrimary,jessie_knight_attack.scw,1,5,,,,1,,spine_lower_s#3
JunkerKnightUltiAttack,jessie_knight_idle.scw,1,29,,200,200,10,,5
JunkerKnightRecoil,jessie_knight_attack.scw,5,15,,25,,100,,spine_lower_s#4
JunkerKnightUltiRecoil,jessie_knight_idle.scw,1,29,,200,200,100,,5
JunkerKnightReload,jessie_knight_idle.scw,1,29,,200,200,200,,ChestBone#2
JunkerKnightPushback,jessie_knight_pushback.scw,-1,-1,,100,100,100,,5
JunkerKnightWin,jessie_knight_win.scw,1,100,,,,,,
JunkerKnightWinloop,jessie_knight_win.scw,100,130,,,,,true,
JunkerKnightBattleWin,jessie_knight_battlewin.scw,1,107,,,,,,
JunkerKnightBattleWinloop,jessie_knight_battlewin.scw,107,139,,,,,true,
JunkerKnightLose,jessie_knight_lose.scw,1,56,,,,,,
JunkerKnightLoseloop,jessie_knight_lose.scw,56,70,,,,,true,
JunkerSummertimeWalk,jessie_summertime_walk.scw,-1,-1,150,100,100,,true,1
CrowPheonixIdle,crow_pheonix_idle.scw,-1,-1,,100,100,,true,
CrowPheonixWalk,crow_pheonix_walk.scw,1,29,150,100,100,,true,1
CrowPheonixPrimary,crow_pheonix_attack.scw,1,5,150,100,300,600,,spine_lower_s#4
CrowPheonixUltiAttack,crow_pheonix_ulti.scw,-1,-1,,50,,10,,5
CrowPheonixRecoil,crow_pheonix_attack.scw,5,20,150,,,100,,spine_lower_s#4
CrowPheonixReload,crow_pheonix_idle.scw,1,2,,200,200,200,,spine_lower_s#4
CrowPheonixPushback,crow_pheonix_idle.scw,-1,-1,,200,100,200,,5
CrowPheonixWin,crow_pheonix_win.scw,1,89,,,,,,
CrowPheonixWinloop,crow_pheonix_win.scw,90,112,,,,,true,
CrowPheonixLose,crow_pheonix_lose.scw,1,49,,,,200,,
CrowPheonixLoseloop,crow_pheonix_lose.scw,50,75,,,,,true,
CrowPheonixProfile,crow_pheonix_win.scw,66,66,,,,,,
TurretWin,turret_dragon_win.scw,1,100,,,,,,
TurretWinloop,turret_dragon_win.scw,100,130,,,,,true,
UndertakerGreaserWin,mortis_greaser_win.scw,,80,,,,,,1
UndertakerGreaserWinloop,mortis_greaser_win.scw,80,110,,,,,true,1
UndertakerGreaserLose,mortis_greaser_lose.scw,,12,,,,,,1
UndertakerGreaserLoseloop,mortis_greaser_lose.scw,12,50,,,,,true,1
UndertakerGreaserIdle,mortis_greaser_idle.scw,,30,,,,,true,
ShellyPreregIdle,shelly_prereg_idle.scw,,39,,100,100,,true,
ShellyPreregWalk,shelly_prereg_walk.scw,1,30,,100,100,,true,1
ShellyPreregPrimary,shelly_prereg_attack.scw,1,5,,,,,,hips_s#3+L_upperLeg_s#0+R_upperLeg_s#0
ShellyPreregSecondary,shelly_prereg_attack.scw,1,5,,,,,,hips_s#4+L_upperLeg_s#0+R_upperLeg_s#0
ShellyPreregRecoil,shelly_prereg_attack.scw,6,20,,,,100,,hips_s#4+L_upperLeg_s#0+R_upperLeg_s#0
ShellyPreregReload,shelly_prereg_reload.scw,1,-1,,,,100,,hips_s#0+L_upperLeg_s#0+R_upperLeg_s#0+R_clavicle_s#4+R_shoulder_s#4+R_elbow_s#4+R_forearm_twist_s#4+R_wrist_s#4+L_clavicle_s#4+L_shoulder_s#4+L_elbow_s#4+L_forearm_twist_s#4+L_wrist_s#4
ShellyPreregPushback,shelly_prereg_pushback.scw,,-1,,100,100,100,,5
ShellyPreregWin,shelly_prereg_win.scw,1,59,,,,,,5
ShellyPreregWinloop,shelly_prereg_win.scw,60,102,,,,,true,1
ShellyPreregLose,shelly_prereg_lose.scw,1,50,,,,,,5
ShellyPreregLoseloop,shelly_prereg_lose.scw,50,130,,,,,true,1
BarkeepBankerIdle,barley_banker_idle.scw,-1,-1,,100,100,250,true,
BarkeepBankerWalk,barley_banker_walk.scw,,19,120,100,100,,true,1
BarkeepBankerPrimary,barley_banker_attack1.scw,3,12,,,,,,ChestBone#3
BarkeepBankerSecondary,barley_banker_attack1.scw,-1,-1,,100,50,200,,ChestBone#3
BarkeepBankerRecoil,barley_banker_attack1.scw,3,12,,10,10,10,,ChestBone#4
BarkeepBankerReload,barley_banker_idle.scw,-1,-1,,200,200,200,,ChestBone#2
BarkeepBankerPushback,barley_banker_knockback.scw,-1,-1,,100,100,100,,5
BarkeepBankerWin,barley_banker_win1.scw,,30,,50,250,250,,
BarkeepBankerWinloop,barley_banker_win1.scw,30,80,,25,,,true,
BarkeepBankerLose,barley_banker_lose1.scw,-1,-1,130,,,50,,
BarkeepBankerLoseloop,barley_banker_lose1.scw,60,150,120,,,,true,
BarkeepBankerWinidleloop,barley_banker_winidleloop.scw,-1,-1,,,,,true,
BarkeepBankerProfile,barley_banker_idle.scw,1,1,,,,,true,
ShellyBanditaIdle,shelly_bandita_idle.scw,,39,,100,100,,true,
ShellyBanditaWalk,shelly_bandita_walk.scw,1,30,,100,100,,true,1
ShellyBanditaPrimary,shelly_bandita_attack.scw,1,5,,,,,,hips_s#3+L_upperLeg_s#0+R_upperLeg_s#0
ShellyBanditaSecondary,shelly_bandita_attack.scw,1,5,,,,,,hips_s#4+L_upperLeg_s#0+R_upperLeg_s#0
ShellyBanditaRecoil,shelly_bandita_attack.scw,6,20,,,,100,,hips_s#4+L_upperLeg_s#0+R_upperLeg_s#0
ShellyBanditaReload,shelly_bandita_reload.scw,1,-1,,,,100,,hips_s#0+L_upperLeg_s#0+R_upperLeg_s#0+R_clavicle_s#4+R_shoulder_s#4+R_elbow_s#4+R_forearm_twist_s#4+R_wrist_s#4+L_clavicle_s#4+L_shoulder_s#4+L_elbow_s#4+L_forearm_twist_s#4+L_wrist_s#4
ShellyBanditaPushback,shelly_pushback.scw,,-1,,100,100,100,,5
ShellyBanditaWin,shelly_bandita_win.scw,1,59,,,,,,5
ShellyBanditaWinloop,shelly_bandita_win.scw,60,102,,,,,true,1
ShellyBanditaLose,shelly_bandita_lose.scw,1,50,,,,,,5
ShellyBanditaLoseloop,shelly_bandita_lose.scw,50,130,,,,,true,1
LeonIdle,leon_idle.scw,1,28,,100,100,,true,
LeonWalk,leon_walk.scw,1,29,170,100,100,,true,1
LeonAttack,leon_attack.scw,1,3,,,,10,,spine_lower_s#4
LeonSecondary,leon_idle.scw,1,20,,,,10,,spine_lower_s#4
LeonRecoil,leon_attack.scw,3,7,,,,10,,spine_lower_s#4
LeonRecoil2,leon_attack.scw,7,11,,,,10,,spine_lower_s#4
LeonReload,leon_idle.scw,,-1,,,,100,,ChestBone#2
LeonPushback,leon_pushback.scw,1,34,,100,100,100,,5
LeonWin,leon_win.scw,1,84,,,10,,,5
LeonWinloop,leon_win.scw,84,111,,10,,,true,1
LeonLose,leon_lose.scw,1,45,,,,,,5
LeonLoseloop,leon_lose.scw,45,50,,,,,true,1
LeonProfile,leon_base_cam.scw,1,10,,,,,true,5
BarkeepWizardIdle,barley_wizard_idle.scw,-1,-1,,100,100,,true,
BarkeepWizardWalk,barley_wizard_walk.scw,,19,120,100,100,,true,1
BarkeepWizardPrimary,barley_wizard_attack.scw,5,20,,,,10,,spine_lower_s#4
BarkeepWizardSecondary,barley_wizard_attack.scw,5,20,,,,10,,spine_lower_s#4
BarkeepWizardRecoil,barley_wizard_attack.scw,5,20,,,,50,,spine_lower_s#4
BarkeepWizardReload,barley_wizard_idle.scw,-1,-1,,,,50,,ChestBone#2
BarkeepWizardPushback,barley_wizard_pushback.scw,-1,-1,,100,100,100,,5
BarkeepWizardWin,barley_wizard_win.scw,,40,,,,,,
BarkeepWizardWinloop,barley_wizard_win.scw,40,120,,,,,true,
BarkeepWizardLose,barley_wizard_lose.scw,-1,-1,130,,,50,,
BarkeepWizardLoseloop,barley_wizard_lose.scw,60,150,120,,,,true,
BarkeepWizardProfile,barley_wizard_portrait.scw,1,1,,,,,,
BearReindeerIdle,bear_reindeer_idle.scw,-1,-1,,100,100,,true,
BearReindeerWalk,bear_reindeer_walk.scw,1,40,170,100,100,,true,1
BearReindeerAttack,bear_reindeer_attack.scw,-1,-1,,100,200,150,,spine_lower_s#4
BearReindeerRecoil,bear_reindeer_attack.scw,-1,-1,,1,1,50,,spine_lower_s#4
BearReindeerPushback,bear_reindeer_idle.scw,-1,-1,,200,300,500,,5
BearReindeerWin,bear_reindeer_idle.scw,-1,-1,,200,300,500,,5
PocoIdle,poco_idle.scw,-1,-1,,100,100,,true,
PocoWalk,poco_walk.scw,-1,-1,160,100,100,,true,1
PocoAttack,poco_attack.scw,,5,,100,100,100,,spine_lower_s#3
PocoSecondary,poco_attack.scw,4,20,,100,100,100,,spine_lower_s#3
PocoRecoil,poco_attack.scw,4,20,,100,100,100,,spine_lower_s#4
PocoReload,poco_idle.scw,1,2,,100,200,200,,spine_lower_s#2
PocoPushback,poco_idle.scw,,-1,,200,300,500,,5
PocoWin,poco_win.scw,1,30,,,,,,
PocoWinloop,poco_win.scw,30,90,,,,,true,
PocoLose,poco_lose.scw,1,15,,,,,,
PocoLoseloop,poco_lose.scw,15,20,,,,,true,
PocoProfile,poco_win.scw,1,1,,,,,,
GeneIdle,gene_anim_idle.scw,,79,,100,100,,true,
GeneWalk,gene_anim_walk.scw,1,29,120,100,100,,true,1
GeneAttack,gene_anim_attack.scw,1,5,,,,,,hips_s#3+L_upperLeg_s#0+R_upperLeg_s#0
GeneAttackRecoil,gene_anim_attack.scw,5,20,,50,,100,,hips_s#4+L_upperLeg_s#0+R_upperLeg_s#0
GeneSecondary,gene_anim_super2.scw,1,30,,,,,,hips_s#3+L_upperLeg_s#0+R_upperLeg_s#0
GeneSecondaryRecoil,gene_anim_super2.scw,1,30,,100,,200,,hips_s#4+L_upperLeg_s#0+R_upperLeg_s#0
GeneReload,gene_anim_reload.scw,1,25,,100,200,200,,spine_lower_s#2
GenePushback,gene_anim_idle.scw,,20,,200,300,500,,5
GeneWin,gene_anim_win.scw,1,119,,,,,,
GeneWinloop,gene_anim_win.scw,120,204,,,,,true,
GeneLose,gene_anim_lose.scw,,129,,100,,,,
GeneLoseloop,gene_anim_lose.scw,130,224,,,,,true,
GeneProfile,gene_base_cam.scw,1,1,,,,,true,
DarrylIdle,darryl_idle.scw,1,-1,,100,100,,true,
DarrylWalk,darryl_walk.scw,1,20,,100,100,,true,1
DarrylPrimary,darryl_attack.scw,,10,,100,100,100,,hips_s#3+L_upperLeg_s#0+R_upperLeg_s#0
DarrylSecondary,darryl_super.scw,,29,,1,1,1,true,5
DarrylRecoil,darryl_recoil_01.scw,1,10,,,100,100,,hips_s#4+L_upperLeg_s#0+R_upperLeg_s#0
DarrylRecoil2,darryl_recoil_02.scw,1,10,,,100,100,,hips_s#4+L_upperLeg_s#0+R_upperLeg_s#0
DarrylReload,darryl_idle.scw,,-1,,800,800,800,,hips_s#3+L_upperLeg_s#0+R_upperLeg_s#0
DarrylPushback,darryl_pushback.scw,1,10,,50,100,200,,5
DarrylWin,darryl_win.scw,-1,-1,,,,200,,
DarrylWinloop,darryl_winloop.scw,-1,-1,,,,,true,
DarrylLose,darryl_lose.scw,-1,-1,,,,200,,
DarrylHide,darryl_idle.scw,,-1,,200,200,100,true,
DarrylLoseloop,darryl_lose.scw,45,45,,,,,true,
DarrylProfile,darryl_win.scw,44,44,,,,,true,
DarrylCnyIdle,darryl_cny_idle.scw,,-1,,100,100,,true,
DarrylCnyWalk,darryl_cny_walk.scw,,20,,100,100,,true,1
DarrylCnyPrimary,darryl_cny_attack.scw,,10,,100,100,100,,hips_s#3+L_upperLeg_s#0+R_upperLeg_s#0
DarrylCnySecondary,darryl_cny_super.scw,,29,,1,1,1,,5
DarrylCnyRecoil,darryl_cny_recoil1.scw,,-1,,,100,100,,hips_s#4+L_upperLeg_s#0+R_upperLeg_s#0
DarrylCnyRecoil2,darryl_cny_recoil2.scw,,-1,,,100,100,,hips_s#4+L_upperLeg_s#0+R_upperLeg_s#0
DarrylCnyReload,darryl_cny_idle.scw,,-1,,800,800,800,,ChestBone#2
DarrylCnyPushback,darryl_cny_pushback.scw,,-1,,50,100,200,,5
DarrylCnyWin,darryl_cny_win.scw,,-1,,,,200,,
DarrylCnyWinloop,darryl_cny_winloop.scw,,-1,,,,,true,
DarrylCnyLose,darryl_cny_lose.scw,,-1,,,,200,,
DarrylCnyHide,darryl_cny_idle.scw,,-1,,200,200,100,true,
DarrylCnyLoseloop,darryl_cny_lose.scw,45,45,,,,,true,
DarrylCnyProfile,darryl_win.scw,44,44,,,,,,
UndertakerNightwitchWin,mortis_nightwitch_win.scw,1,77,,,,,,1
UndertakerNightwitchWinloop,mortis_nightwitch_win.scw,77,106,,,,,true,1
RoboWarsBaseIdle,siege_base.scw,-1,-1,,,,,true,
RoboWarsBaseAttack,siege_base_attack.scw,-1,-1,,,,1,,4
CarlIdle,carl_idle.scw,,-1,,100,100,,true,
CarlWalk,carl_walk.scw,,-1,,100,100,,true,1
CarlAttack,carl_attack.scw,1,5,,100,100,100,,hips_s#4+L_upperLeg_s#0+R_upperLeg_s#0
CarlAttackRecoil,carl_attack.scw,5,35,,100,200,200,,hips_s#4+L_upperLeg_s#0+R_upperLeg_s#0
CarlSecondary,carl_super.scw,1,59,,200,200,200,true,5
CarlSecondaryRecoil,carl_super.scw,1,59,,,,,true,5
CarlReload,carl_attack.scw,17,25,,100,100,100,,5
CarlPushback,carl_idle.scw,-1,-1,,200,300,500,,5
CarlWin,carl_win.scw,,-1,,200,1000,500,,
CarlWinloop,carl_winloop.scw,1,29,,2000,100,500,true,
CarlLose,carl_lose.scw,,-1,,100,1000,500,,
CarlLoseloop,carl_loseloop.scw,1,80,,2000,100,500,true,
CarlProfile,carl_base_cam.scw,1,10,,,,,true,
ShamanShibaIdle,nita_shiba_idle.scw,1,34,,100,100,,true,
ShamanShibaWalk,nita_shiba_walk.scw,1,29,170,100,100,,true,1
ShamanShibaAttack,nita_attack.scw,1,20,,,,10,,spine_lower_s#4
ShamanShibaSecondary,nita_attack.scw,1,20,,,,10,,spine_lower_s#4
ShamanShibaRecoil,nita_attack.scw,1,20,,,,100,,spine_lower_s#4
ShamanShibaReload,nita_idle.scw,-1,-1,,,,100,,ChestBone#2
ShamanShibaPushback,nita_pushback.scw,-1,-1,,100,100,100,,5
ShamanShibaWin,nita_shiba_win.scw,1,64,,,,,,5
ShamanShibaWinloop,nita_shiba_win.scw,65,104,,200,200,200,true,1
ShamanShibaLose,nita_lose.scw,1,30,,,,,,5
ShamanShibaLoseloop,nita_lose.scw,30,35,,,,,true,1
BearShibaIdle,bear_shiba_idle.scw,1,59,,100,100,,true,
RosaIdle,rosa_idle.scw,1,25,,100,100,,true,
RosaWalk,rosa_walk.scw,1,24,,100,100,,true,1
RosaAttack,rosa_attack.scw,1,11,,100,100,50,,hips_s#4+L_upperLeg_s#0+R_upperLeg_s#0
RosaAttackRecoil,rosa_attack.scw,12,19,,1,100,100,,hips_s#4+L_upperLeg_s#0+R_upperLeg_s#0
RosaAttackRecoil2,rosa_attack.scw,20,28,,1,100,100,,hips_s#4+L_upperLeg_s#0+R_upperLeg_s#0
RosaUltRecoil,rosa_ult.scw,-1,-1,,1,100,200,,hips_s#4+L_upperLeg_s#0+R_upperLeg_s#0
RosaUltRecoil2,rosa_detransform.scw,-1,-1,,1,100,200,,hips_s#4+L_upperLeg_s#0+R_upperLeg_s#0
RosaWin,rosa_win.scw,1,39,,100,200,500,,
RosaWinloop,rosa_win.scw,40,79,,500,100,300,true,
RosaLose,rosa_lose.scw,1,49,,100,100,200,,
RosaLoseloop,rosa_lose.scw,50,79,,1,100,200,true,
RosaIdle_transform,rosa_idle_transform.scw,1,25,,100,100,,true,
RosaWalk_transform,rosa_walk_transform.scw,1,24,,100,100,,true,1
RosaAttack_transform,rosa_attack_transform.scw,1,11,,100,100,50,,hips_s#4+L_upperLeg_s#0+R_upperLeg_s#0
RosaAttackRecoil_transform,rosa_attack_transform.scw,12,19,,1,100,100,,hips_s#4+L_upperLeg_s#0+R_upperLeg_s#0
RosaAttackRecoil2_transform,rosa_attack_transform.scw,20,28,,1,100,100,,hips_s#4+L_upperLeg_s#0+R_upperLeg_s#0
RosaProfile,rosa_idle.scw,1,1,,,,,true,
ArtilleryBunnySpawn,bunny_turret_anim_spawn.scw,-1,-1,,,,1,,3
ArtilleryBunnyIdle,bunny_turret_anim_idle.scw,-1,-1,,,,,true,
ArtilleryBunnyIdleMenu,bunny_turret_anim_idlemenu.scw,-1,-1,,,,,true,
ArtilleryBunnyAttack,bunny_turret_anim_attack.scw,-1,-1,100,,,1,,4
ArtilleryGalBunnyWalk,penny_bunny_walk.scw,1,28,150,100,100,,true,1
ArtilleryGalBunnyWin,penny_bunny_win.scw,1,62,,,,,,
ArtilleryGalBunnyWinloop,penny_bunny_win.scw,63,92,,,,,true,
ArtilleryGalBunnyLose,penny_bunny_win.scw,1,50,,,,,,
ArtilleryGalBunnyLoseloop,mari_lose.scw,40,50,,,,,true,
BarkeepMsIdle,barley_ms_idle.scw,1,60,,100,100,350,true,
BarkeepMsWalk,barley_ms_walk.scw,,16,,100,100,100,true,1
BarkeepMsWin,barley_ms_win.scw,-1,-1,,50,250,250,,
BarkeepMsPrimary,barley_ms_attack.scw,3,24,,100,100,100,,hips_s#4+L_upperLeg_s#0+R_upperLeg_s#0
BarkeepMsReload,barley_ms_idle.scw,-1,-1,,200,200,200,,ChestBone#2
BarkeepMsSecondary,barley_ms_attack.scw,3,24,,100,100,100,,hips_s#4+L_upperLeg_s#0+R_upperLeg_s#0
BarkeepMsLose,barley_ms_lose.scw,-1,29,,100,100,200,,
BarkeepMsLoseloop,barley_ms_lose.scw,30,90,,100,100,200,true,
BarkeepMsProfile,barley_ms_idle.scw,1,1,,100,100,350,true,
BrockHotrodIdle,brock_hotrod_idle.scw,,-1,135,100,100,,true,
BrockHotrodWalk,brock_hotrod_run.scw,-1,-1,150,100,100,,true,1
BrockHotrodPrimary,brock_hotrod_attack.scw,,-1,,1,300,300,,hips_s#4+L_upperLeg_s#0+R_upperLeg_s#0
BrockHotrodSecondary,brock_hotrod_attack.scw,,-1,,1,,,,hips_s#4+L_upperLeg_s#0+R_upperLeg_s#0
BrockHotrodRecoil,brock_hotrod_attack.scw,,-1,,1,100,100,,hips_s#4+L_upperLeg_s#0+R_upperLeg_s#0
BrockHotrodRecoil2,brock_hotrod_attack.scw,,-1,,1,100,100,,hips_s#4+L_upperLeg_s#0+R_upperLeg_s#0
BrockHotrodPushback,brock_pushback1.scw,,-1,,100,100,100,,5
BrockHotrodWin,brock_hotrod_win.scw,,50,,,500,500,,5
BrockHotrodWinloop,brock_hotrod_winloop.scw,,59,,500,,500,true,5
BrockHotrodLose,brock_hotrod_lose.scw,1,70,,,,,,5
BrockHotrodLoseloop,brock_hotrod_lose.scw,70,110,,,,,true,5
BibiIdle,bibi_idle.scw,1,29,,100,100,,true,
BibiWalk,bibi_run.scw,1,29,,120,200,,true,1
BibiPrimary,bibi_attack.scw,1,51,,100,100,100,,hips_s#4+L_upperLeg_s#0+R_upperLeg_s#0
BibiSecondary,bibi_attack.scw,1,51,,100,100,100,,hips_s#4+L_upperLeg_s#0+R_upperLeg_s#0
BibiRecoil,bibi_attack.scw,22,51,,1,100,100,,hips_s#4+L_upperLeg_s#0+R_upperLeg_s#0
BibiPushback,bibi_pushback.scw,-1,-1,,100,100,100,,5
BibiRecoil2,bibi_attack.scw,17,51,,100,100,100,,hips_s#4+L_upperLeg_s#0+R_upperLeg_s#0
BibiWin,bibi_win.scw,1,163,,100,,,,5
BibiWinloop,bibi_win.scw,164,262,,,,,true,1
BibiLose,bibi_lose.scw,1,29,,,,,,5
BibiLoseloop,bibi_lose.scw,30,89,,,,,true,1
BibiProfile,bibi_win.scw,108,108,,,,,,5
CarlHotrodIdle,carl_hotrod_idle.scw,,-1,,100,100,,true,
CarlHotrodWalk,carl_hotrod_walk.scw,,-1,,100,100,,true,1
CarlHotrodAttack,carl_hotrod_attack.scw,1,5,,100,100,100,,hips_s#4+L_upperLeg_s#0+R_upperLeg_s#0
CarlHotrodAttackRecoil,carl_hotrod_attack.scw,5,35,,100,200,200,,hips_s#4+L_upperLeg_s#0+R_upperLeg_s#0
CarlHotrodSecondary,carl_hotrod_super.scw,1,59,,200,200,200,true,5
CarlHotrodSecondaryRecoil,carl_hotrod_super.scw,1,59,,,,,true,5
CarlHotrodReload,carl_hotrod_attack.scw,17,25,,100,100,100,,5
CarlHotrodPushback,carl_hotrod_idle.scw,-1,-1,,200,300,500,,5
CarlHotrodWin,carl_hotrod_win.scw,,-1,,200,1000,500,,
CarlHotrodWinloop,carl_hotrod_winloop.scw,1,29,,2000,100,500,true,
CarlHotrodLose,carl_hotrod_lose.scw,,-1,,100,1000,500,,
CarlHotrodLoseloop,carl_hotrod_loseloop.scw,1,80,,2000,100,500,true,
BarkeepLumberjackIdle,barley_lumberjack_idle.scw,1,59,,100,100,250,true,
BarkeepLumberjackWalk,barley_lumberjack_run.scw,,19,120,100,100,100,true,1
BarkeepLumberjackPrimary,barley_lumberjack_attack.scw,3,12,,,,,,hips_s#4+L_upperLeg_s#0+R_upperLeg_s#0
BarkeepLumberjackSecondary,barley_lumberjack_attack.scw,-1,-1,,100,50,200,,hips_s#4+L_upperLeg_s#0+R_upperLeg_s#0
BarkeepLumberjackRecoil,barley_lumberjack_attack.scw,3,12,,10,10,10,,hips_s#4+L_upperLeg_s#0+R_upperLeg_s#0
BarkeepLumberjackReload,barley_lumberjack_idle.scw,1,2,,200,200,200,,hips_s#4+L_upperLeg_s#0+R_upperLeg_s#0
BarkeepLumberjackPushback,barley_lumberjack_pushback.scw,-1,-1,,100,100,100,,5
BarkeepLumberjackWin,barley_lumberjack_win.scw,,70,,100,200,200,,
BarkeepLumberjackWinloop,barley_lumberjack_idle.scw,1,59,,200,200,200,true,
BarkeepLumberjackLose,barley_lumberjack_lose.scw,1,59,120,100,,,,
BarkeepLumberjackLoseloop,barley_lumberjack_lose.scw,60,149,120,,,,true,
BarkeepLumberjackProfile,barley_lumberjack_idle.scw,1,1,,,,,true,
BrockBoomboxIdle,brock_boombox_idle.scw,,-1,135,100,100,,true,
BrockBoomboxWalk,brock_boombox_walk.scw,,30,150,100,100,,true,1
BrockBoomboxPrimary,brock_boombox_attack.scw,,-1,,1,300,300,,hips_s#4+L_upperLeg_s#0+R_upperLeg_s#0
BrockBoomboxSecondary,brock_boombox_attack.scw,,-1,,1,,,,hips_s#4+L_upperLeg_s#0+R_upperLeg_s#0
BrockBoomboxRecoil,brock_boombox_attack.scw,,-1,,1,100,100,,hips_s#4+L_upperLeg_s#0+R_upperLeg_s#0
BrockBoomboxRecoil2,brock_boombox_attack.scw,,-1,,1,100,100,,hips_s#4+L_upperLeg_s#0+R_upperLeg_s#0
BrockBoomboxLose,brock_boombox_lose.scw,1,70,,,,,,5
BrockBoomboxLoseloop,brock_boombox_lose.scw,70,110,,,,,true,5
CrowMechaIdle,crow_mecha_idle.scw,1,34,,100,100,,true,
CrowMechaWalk,crow_mecha_run.scw,1,24,100,100,100,,true,1
CrowMechaPrimary,crow_mecha_attack.scw,1,3,,100,100,100,,hips_s#4+L_upperLeg_s#0+R_upperLeg_s#0
CrowMechaSecondary,crow_mecha_ult.scw,-1,-1,,50,50,200,,5
CrowMechaRecoil,crow_mecha_attack.scw,4,20,,50,50,200,,hips_s#4+L_upperLeg_s#0+R_upperLeg_s#0
CrowMechaReload,crow_mecha_idle.scw,1,3,,200,200,200,,hips_s#4+L_upperLeg_s#0+R_upperLeg_s#0
CrowMechaPushback,crow_mecha_pushback.scw,-1,-1,,200,100,200,,5
CrowMechaWin,crow_mecha_win.scw,1,143,,,,,,
CrowMechaWinloop,crow_mecha_win.scw,144,202,,,,,true,
CrowMechaLose,crow_mecha_lose.scw,1,45,,,,,,
CrowMechaLoseloop,crow_mecha_lose.scw,45,45,,,,,true,
CrowMechaProfile,crow_mecha_win.scw,21,21,,,,,,
BoMechaIdle,bo_mecha_idle.scw,1,59,,100,100,,true,
BoMechaWalk,bo_mecha_run.scw,1,20,80,200,200,,true,1
BoMechaAttack,bo_mecha_attack.scw,1,10,,,,50,,hips_s#4+L_upperLeg_s#0+R_upperLeg_s#0
BoMechaSecondary,bo_mecha_ult.scw,1,10,,100,200,350,,hips_s#4+L_upperLeg_s#0+R_upperLeg_s#0
BoMechaRecoil,bo_mecha_attack.scw,8,30,,,,350,,hips_s#4+L_upperLeg_s#0+R_upperLeg_s#0
BoMechaRecoil2,bo_mecha_ult.scw,5,30,,100,100,50,,hips_s#4+L_upperLeg_s#0+R_upperLeg_s#0
BoMechaWin,bo_mecha_win.scw,1,144,,100,,,,
BoMechaWinloop,bo_mecha_win.scw,145,202,,,,,true,
BoMechaLose,bo_mecha_lose.scw,1,36,,100,,,,
BoMechaLoseloop,bo_mecha_lose.scw,36,36,,,,,true,
BoMechaPushback,bo_mecha_pushback.scw,1,30,,50,100,,true,5
BoMechaProfile,bo_mecha_win.scw,93,93,,,,,true,
SpikeMechaWalk,spike_mecha_walk.scw,,20,125,,,,true,1
SpikeMechaWin,spike_mecha_win.scw,,43,,,,,,5
SpikeMechaWinloop,spike_mecha_win.scw,43,63,,,,,true,1
SpikeMechaLose,spike_mecha_lose.scw,,79,,,,,,5
SpikeMechaLoseloop,spike_mecha_lose.scw,80,-1,,,,,,1
TickIdle,tick_idle.scw,1,47,,,,,true,
TickWalk,tick_walk.scw,1,21,125,,,,true,1
TickWin,tick_win.scw,1,97,,,,,,
TickWinloop,tick_win.scw,97,143,,,,,true,
TickProfile,tick_idle.scw,16,16,,,,,,
TickPrimary,tick_attack.scw,1,20,,,,25,,hips_s#4+L_upperLeg_s#0+R_upperLeg_s#0
TickSecondary,tick_ult.scw,1,20,,,,25,,hips_s#4+L_upperLeg_s#0+R_upperLeg_s#0
TickRecoil,tick_attack.scw,1,20,,,,100,,hips_s#4+L_upperLeg_s#0+R_upperLeg_s#0
TickUltRecoil,tick_ult.scw,1,20,,,,300,,hips_s#4+L_upperLeg_s#0+R_upperLeg_s#0
TickLose,tick_lose.scw,1,74,,,,,,
TickLoseloop,tick_lose.scw,74,-1,,,,,true,
BombheadIdle,bombhead_idle.scw,1,12,,,,,true,
TntDudeMechaIdle,dynamike_mecha_idle.scw,1,59,,,,,true,
TntDudeMechaWalk,dynamike_mecha_walk.scw,1,20,,,,,true,1
TntDudeMechaPrimary,dynamike_mecha_attack.scw,1,5,,,,100,,chest_s#4
TntDudeMechaRecoil,dynamike_mecha_attack.scw,5,25,,,,200,,chest_s#4
TntDudeMechaSecondary,dynamike_mecha_ult.scw,1,5,,,,100,,chest_s#4
TntDudeMechaSecondaryRecoil,dynamike_mecha_ult.scw,5,25,,,,200,,chest_s#4
TntDudeMechaWin,dynamike_mecha_win.scw,1,44,,,,,,5
TntDudeMechaWinloop,dynamike_mecha_win.scw,45,74,,,,,true,1
TntDudeMechaLose,dynamike_mecha_lose.scw,1,70,,,,,,
TntDudeMechaLoseloop,dynamike_mecha_lose.scw,70,70,,,,,true,
CarlHogriderIdle,carl_hogrider_idle.scw,,-1,,100,100,,true,
CarlHogriderWalk,carl_hogrider_walk.scw,,-1,,100,100,,true,1
CarlHogriderAttack,carl_hogrider_attack.scw,1,5,,100,100,100,,hips_s#4+L_upperLeg_s#0+R_upperLeg_s#0
CarlHogriderAttackRecoil,carl_hogrider_attack.scw,5,35,,100,200,200,,hips_s#4+L_upperLeg_s#0+R_upperLeg_s#0
CarlHogriderSecondary,carl_hogrider_super.scw,1,59,,200,200,200,true,5
CarlHogriderSecondaryRecoil,carl_hogrider_super.scw,1,59,,,,,true,5
CarlHogriderReload,carl_hogrider_attack.scw,17,25,,100,100,100,,5
CarlHogriderPushback,carl_hogrider_idle.scw,-1,-1,,200,300,500,,5
CarlHogriderWin,carl_hogrider_win.scw,,-1,,200,1000,500,,
CarlHogriderWinloop,carl_hogrider_winloop.scw,1,29,,2000,100,500,true,
CarlHogriderLose,carl_hogrider_lose.scw,,-1,,100,1000,500,,
CarlHogriderLoseloop,carl_hogrider_loseloop.scw,1,80,,2000,100,500,true,
CarlHogriderProfile,carl_hogrider_cam.scw,,-1,,100,100,,true,
TaraIdle,tara_idle.scw,1,-1,,200,,,true,5
TaraWalk,tara_walk.scw,1,20,80,200,,200,true,1
TaraPrimary,tara_attack.scw,1,4,,,,200,,hips_s#4+L_upperLeg_s#0+R_upperLeg_s#0
TaraRecoil,tara_attack.scw,4,20,,,,200,,hips_s#4+L_upperLeg_s#0+R_upperLeg_s#0
TaraReload,tara_idle.scw,1,12,,,,50,,
TaraSecondary,tara_ult.scw,1,4,,,,200,,hips_s#4+L_upperLeg_s#0+R_upperLeg_s#0
TaraSecondaryRecoil,tara_ult.scw,4,22,,,,200,,hips_s#4+L_upperLeg_s#0+R_upperLeg_s#0
TaraWin,tara_win.scw,1,74,,,,,,5
TaraWinloop,tara_win.scw,75,125,,,,,true,1
TaraLose,tara_lose.scw,1,97,,,,,,
TaraLoseloop,tara_lose.scw,98,-1,,,,,true,
TaraProfile,tara_win.scw,34,34,,,,,,5
BullGuyHairProfile,bull_viking_win.scw,91,91,,,,,true,
TurretRedDragonIdle,turret_jessie_red_dragon_idle.scw,,-1,,,,,true,
TurretRedDragon,turret_jessie_red_dragon_geo.scw,,10,,,,,,
TurretRedDragonAttack,turret_jessie_red_dragon_attack.scw,,-1,80,,,1,,4
TurretRedDragonSpawn,turret_jessie_red_dragon_spawn.scw,,-1,,,,1,,3
8bitIdle,8bit_idle.scw,1,29,,100,100,,true,
8BitWalk,8bit_walk.scw,1,20,,100,100,,true,1
8bitAttack,8bit_attack.scw,1,5,,50,,,,hips_s#4+L_upperLeg_s#0+R_upperLeg_s#0
8bitRecoil,8bit_attack.scw,5,-1,,,,250,,hips_s#4+L_upperLeg_s#0+R_upperLeg_s#0
8bitReload,8bit_reload.scw,,13,,,,150,,hips_s#1+L_upperLeg_s#0+R_upperLeg_s#0+L_clavicle_s#4+L_shoulder_s#4+L_elbow_s#4+L_forearm_twist_s#4+L_wrist_s#4+R_clavicle_s#0+R_shoulder_s#0+R_elbow_s#0
8bitPushback,8bit_pushback.scw,,-1,,50,100,200,,
8bitWin,8bit_win.scw,1,70,,,,,,
8bitWinloop,8bit_win.scw,71,99,,,,,true,
8bitProfile,8bit_base_cam.scw,1,1,,,,,true,
8bitLose,8bit_lose.scw,1,99,,,,,,
8bitLoseloop,8bit_lose.scw,100,139,,,,,true,
8bitTurretIdle,8bit_turret_idle.scw,-1,-1,,,,,true,
8bitTurretSpawn,8bit_turret_spawn.scw,-1,-1,,,,,true,
FrankReloading,frank_idle.scw,,6,,,,50,,
SandyIdle,sandy_idle.scw,1,128,,500,500,,true,5
LouchadorRudoPortrait,primo_elrudo_portrait.scw,1,1,,,,,true,
SandyWalk,sandy_walk.scw,1,20,,500,500,,true,1
SandyAttack,sandy_attack.scw,,5,,,,,,hips_s#4+L_upperLeg_s#0+R_upperLeg_s#0
SandyRecoil,sandy_attack.scw,,20,,,,50,,hips_s#4+L_upperLeg_s#0+R_upperLeg_s#0
SandyReload,sandy_idle.scw,,10,,100,100,100,,hips_s#4+L_upperLeg_s#0+R_upperLeg_s#0
LuchadorRudoWin,primo_elrudo_win.scw,,117,,,,,,
SandyWin,sandy_win.scw,1,192,,,,,,
SandyWinloop,sandy_win.scw,193,320,,,,,true,1
LuchadorReyWin,primo_rey_win.scw,,153,,,,,,5
LuchadorReyWinloop,primo_rey_win.scw,154,198,,,,,true,1
LuchadorRudoWinloop,primo_elrudo_win.scw,118,-1,,,,,true,
LuchadorReyIdle,primo_rey_idle.scw,1,49,,200,200,,true,
LuchadorReyWalk,primo_rey_walk.scw,1,-1,,150,150,,true,1
LuchadorReyPrimary,primo_rey_attack.scw,,5,,1,100,50,,hips_s#3+L_upperLeg_s#0+R_upperLeg_s#0
LuchadorReyRecoil,primo_rey_attack.scw,5,12,,,,50,,hips_s#3+L_upperLeg_s#0+R_upperLeg_s#0
LuchadorReyRecoil2,primo_rey_attack.scw,16,24,,,,50,,hips_s#3+L_upperLeg_s#0+R_upperLeg_s#0
LuchadorReySecondary,primo_rey_super.scw,,-1,,100,100,,,
SandyLose,sandy_win.scw,193,320,,,,,,
SandyPushBack,sandy_pushback.scw,,10,,100,100,100,,
LuchadorReyLose,primo_rey_lose.scw,1,41,,,,200,,5
LuchadorReyLoseloop,primo_rey_lose.scw,42,-1,,,,,true,1
SandyProfile,sandy_win.scw,220,220,,,,,true,1
TntDudeMechaProfile,dynamike_mecha_idle.scw,,,,,,,,
EmzIdle,emz_idle.scw,,-1,,100,100,,true,
EmzWalk,emz_walk.scw,,29,,100,100,,true,1
EmzPrimary,emz_attack.scw,2,6,,,,,,hips_s#5+L_upperLeg_s#0+R_upperLeg_s#0
EmzRecoil,emz_attack.scw,7,22,,50,,100,,hips_s#5+L_upperLeg_s#0+R_upperLeg_s#0
EmzReload,emz_reload.scw,,-1,,,,100,,hips_s#1+L_upperLeg_s#0+R_upperLeg_s#0+L_clavicle_s#4+L_shoulder_s#4+L_elbow_s#4+L_forearm_twist_s#4+L_wrist_s#4+R_clavicle_s#0+R_shoulder_s#0+R_elbow_s#0
EmzPushback,emz_pushback.scw,,-1,,100,100,100,,
EmzSecondary,emz_idle.scw,,,,,,,,
EmzSecondaryRecoil,emz_idle.scw,,,,,,,,
EmzWin,emz_win.scw,,171,,,,,,
EmzWinloop,emz_win.scw,172,231,,,,,true,
EmzLose,emz_lose.scw,,50,,,,,,
EmzLoseloop,emz_lose.scw,50,50,,,,,,
EmzProfile,emz_win.scw,77,77,,,,,,
ShellyWitchIdle,shelly_witch_idle.scw,,-1,,100,100,,true,
ShellyWitchWalk,shelly_witch_walk.scw,1,29,,100,100,,true,1
ShellyWitchPrimarySkill,shelly_witch_attack.scw,1,5,,,,,,hips_s#3+L_upperLeg_s#0+R_upperLeg_s#0
ShellyWitchSecondarySkill,shelly_witch_attack.scw,-1,-1,,,,,,hips_s#4+L_upperLeg_s#0+R_upperLeg_s#0
ShellyWitchRecoil,shelly_witch_attack.scw,6,20,,,,100,,hips_s#4+L_upperLeg_s#0+R_upperLeg_s#0
ShellyWitchReload,shelly_witch_reload.scw,1,30,,,,100,,hips_s#0+L_upperLeg_s#0+R_upperLeg_s#0+R_clavicle_s#4+R_shoulder_s#4+R_elbow_s#4+R_forearm_twist_s#4+R_wrist_s#4+L_clavicle_s#4+L_shoulder_s#4+L_elbow_s#4+L_forearm_twist_s#4+L_wrist_s#4
ShellyWitchHappy,shelly_witch_win.scw,,180,,,,,,
ShellyWitchHappyLoop,shelly_witch_win.scw,181,220,,,,,true,
ShellyWitchLose,shelly_witch_lose.scw,1,50,,,,,,
ShellyWitchLoseloop,shelly_witch_lose.scw,50,130,,,,,true,
ShellyWitchProfile,shelly_witch_win.scw,200,200,,,,,true,
JunkerKnightDarkIdle,jessie_knightdark_idle.scw,1,29,,100,100,,true,
JunkerKnightDarkPrimary,jessie_knight_attack.scw,1,5,,,,1,,spine_lower_s#3
JunkerKnightDarkUltiAttack,jessie_knightdark_idle.scw,1,29,,200,200,10,,5
JunkerKnightDarkRecoil,jessie_knight_attack.scw,5,15,,25,,100,,spine_lower_s#4
JunkerKnightDarkUltiRecoil,jessie_knightdark_idle.scw,1,29,,200,200,100,,5
JunkerKnightDarkReload,jessie_knightdark_idle.scw,1,29,,200,200,200,,ChestBone#2
JunkerKnightDarkPushback,jessie_knight_pushback.scw,-1,-1,,100,100,100,,5
JunkerKnightDarkWin,jessie_knightdark_win.scw,1,100,,,,,,
JunkerKnightDarkWinloop,jessie_knightdark_win.scw,100,130,,,,,true,
JunkerKnightDarkBattleWin,jessie_knightdark_battlewin.scw,1,107,,,,,,
JunkerKnightDarkBattleWinloop,jessie_knightdark_battlewin.scw,107,139,,,,,true,
JunkerKnightDarkLose,jessie_knight_lose.scw,1,56,,,,,,
JunkerKnightDarkLoseloop,jessie_knight_lose.scw,56,70,,,,,true,
JunkerKnightDarkPortrait,jessie_knightdark_idle.scw,1,1,,,,,,
LeonWolfWin,leon_wolf_win.scw,,145,,,,,,
LeonWolfIdle,leon_wolf_idle.scw,,29,,100,100,,true,
LeonWolfWalk,leon_wolf_walk.scw,,29,150,100,100,,true,1
LeonWolfHappyLoop,leon_wolf_win.scw,146,-1,,,,,true,
LeonWolfAttack,leon_wolf_attack.scw,1,3,,,,10,,spine_lower_s#4
LeonWolfSecondary,leon_wolf_idle.scw,1,20,,,,10,,spine_lower_s#4
LeonWolfRecoil,leon_wolf_attack.scw,3,7,,,,10,,spine_lower_s#4
LeonWolfRecoil2,leon_wolf_attack.scw,7,11,,,,10,,spine_lower_s#4
LeonWolfReload,leon_wolf_idle.scw,,10,,100,100,100,,ChestBone#2
LeonWolfPushBack,leon_wolf_pushback.scw,1,10,,100,100,100,,5
LeonWolfLose,leon_wolf_lose.scw,,-1,,,,,,
LeonWolfLoseLoop,leon_wolf_lose.scw,39,-1,,,,,true,
LeonWolfProfile,leon_wolf_portrait.scw,,10,,,,,true,
LuchadorBrownIdle,primo_brown_idle.scw,1,49,,200,200,,true,
LuchadorBrownWalk,primo_brown_walk.scw,1,-1,,150,150,,true,1
LuchadorBrownPrimary,primo_brown_attack.scw,,5,,50,50,50,,hips_s#3+L_upperLeg_s#0+R_upperLeg_s#0
LuchadorBrownRecoil1,primo_brown_attack.scw,5,12,,50,50,50,,hips_s#3+L_upperLeg_s#0+R_upperLeg_s#0
LuchadorBrownRecoil2,primo_brown_attack.scw,17,24,,50,50,50,,hips_s#3+L_upperLeg_s#0+R_upperLeg_s#0
LuchadorBrownPushback,primo_brown_pushback.scw,,10,,50,100,100,,5
LuchadorBrownSecondary,primo_brown_super.scw,,-1,,100,100,,,5
LuchadorBrownWin,primo_brown_win.scw,,98,,,,,,
LuchadorBrownWinloop,primo_brown_win.scw,99,159,,,,,true,
LuchadorBrownLose,primo_brown_lose.scw,,44,,,,,,
LuchadorBrownLoseloop,primo_brown_lose.scw,45,143,,,,,true,
LuchadorBrownGadgetFlipPrimary,primo_brown_gadget_flip_attack.scw,1,6,,,,1,,hips_s#3+L_upperLeg_s#0+R_upperLeg_s#0
LuchadorBrownGadgetFlipRecoil1,primo_brown_gadget_flip_attack.scw,6,20,,,,100,,hips_s#3+L_upperLeg_s#0+R_upperLeg_s#0
LeonSallyWin,leon_sally_win.scw,1,84,,,,,,5
LeonSallyWinloop,leon_sally_win.scw,84,-1,,,,,true,1
LuchadorBrownProfile,primo_brown_portrait.scw,,-1,,,,,true,
CarlHotrodProfile,carl_hotrod_cam.scw,,-1,,,,,true,
GenePirateIdle,gene_pirate_anim_idle.scw,,79,,100,100,,true,
GenePirateWalk,gene_pirate_anim_walk.scw,1,29,120,100,100,,true,1
GenePirateAttack,gene_pirate_anim_attack.scw,1,5,,,,,,hips_s#3+L_upperLeg_s#0+R_upperLeg_s#0
GenePirateAttackRecoil,gene_pirate_anim_attack.scw,5,20,,50,,100,,hips_s#4+L_upperLeg_s#0+R_upperLeg_s#0
GenePirateSecondary,gene_pirate_anim_super.scw,1,30,,,,,,hips_s#3+L_upperLeg_s#0+R_upperLeg_s#0
GenePirateSecondaryRecoil,gene_pirate_anim_super.scw,1,30,,100,,200,,hips_s#4+L_upperLeg_s#0+R_upperLeg_s#0
GenePirateReload,gene_pirate_anim_reload.scw,1,25,,100,200,200,,spine_lower_s#2
GenePirateWin,gene_pirate_anim_win.scw,1,119,,,,,,
GenePirateWinloop,gene_pirate_anim_win.scw,120,204,,,,,true,
GenePirateLose,gene_pirate_anim_lose.scw,,129,,100,,,,
GenePirateLoseloop,gene_pirate_anim_lose.scw,130,224,,,,,true,
TntDudeSantaRopeLoop,dynamike_santa_rope_loop.scw,-1,-1,,,,,true,1
CarlPirateIdle,carl_pirate_idle.scw,,111,,200,200,,true,
CarlPirateWalk,carl_pirate_walk.scw,,62,,200,200,,true,1
CarlPirateAttack,carl_pirate_attack.scw,2,6,,,,,,hips_s#3+L_upperLeg_s#0+R_upperLeg_s#0
CarlPirateAttackRecoil,carl_pirate_attack.scw,7,-1,,,,200,,hips_s#4+L_upperLeg_s#0+R_upperLeg_s#0
CarlPirateSecondary,carl_pirate_super.scw,1,59,,200,200,200,true,5
CarlPirateSecondaryRecoil,carl_pirate_super.scw,1,59,,,,,true,5
CarlPirateReload,carl_pirate_reload.scw,1,15,,100,100,100,,5
CarlPiratePushback,carl_pirate_pushback.scw,,-1,,50,200,100,,5
CarlPirateWin,carl_pirate_win.scw,,100,,,,,,
CarlPirateWinloop,carl_pirate_win.scw,101,200,,,,,true,
CarlPirateLose,carl_pirate_lose.scw,,113,,,,,,
CarlPirateLoseloop,carl_pirate_lose.scw,114,175,,,,,true,
CarlPirateProfile,carl_pirate_idle.scw,30,30,,,,,true,
BeaIdle,bea_idle.scw,,-1,,100,100,,true,
BeaWalk,bea_walk.scw,1,26,,100,100,,true,1
BeaAttack,bea_attack.scw,,4,,,,,,hips_s#3+L_upperLeg_s#0+R_upperLeg_s#0
BeaRecoil,bea_attack.scw,5,20,,,,200,,hips_s#4+L_upperLeg_s#0+R_upperLeg_s#0
BeaReload,bea_reload.scw,,20,,100,100,100,,spine_lower_s#0+L_clavicle_s#2+R_clavicle_s#2
BeaPushback,bea_pushback.scw,,-1,,25,100,200,,
GunslingerPirateWin,colt_pirate_win.scw,,58,,,,,,
GunslingerPirateWinloop,colt_pirate_win.scw,59,-1,,,,,true,
BeaWin,bea_win.scw,,120,,,,,,5
BeaWinloop,bea_win.scw,121,-1,,,,,true,1
BeaPortrait,bea_portrait.scw,,,,,,,,
MaxIdle,max_idle.scw,1,30,,50,50,,true,
MaxWalk,max_walk.scw,1,20,,50,50,,true,1
MaxPrimary,max_attack.scw,,4,,,,,,hips_s#3+L_upperLeg_s#0+R_upperLeg_s#0
MaxRecoil,max_attack.scw,5,21,,,,100,,hips_s#4+L_upperLeg_s#0+R_upperLeg_s#0
MaxSecondary,max_super.scw,,,,,,,,hips_s#3+L_upperLeg_s#0+R_upperLeg_s#0
MaxSecondaryRecoil,max_super.scw,,-1,,50,50,50,,hips_s#4+L_upperLeg_s#0+R_upperLeg_s#0
BeeSmallIdle,bee_small_idle.scw,-1,-1,,,,,true,
BeeBigIdle,bee_big_idle.scw,-1,-1,,,,,true,
BeeSmallReload,bee_small_reload.scw,1,-1,,,,200,,5
BeeBigReload,bee_big_reload.scw,1,13,,,,200,,5
PocoPirateIdle,poco_pirate_idle.scw,,-1,,100,100,,true,
PocoPirateWalk,poco_pirate_walk.scw,,-1,,100,100,,true,1
PocoPirateHappy,poco_pirate_win.scw,,30,,,,,,
PocoPirateHappyLoop,poco_pirate_win.scw,30,-1,,,,,true,
PocoPirateProfile,poco_pirate_idle.scw,20,20,,,,,,
GunslingerPirateIdle,colt_pirate_idle.scw,,-1,,100,100,,true,
GunslingerPirateWalk,colt_pirate_walk.scw,,-1,125,100,100,,true,1
GunslingerPirateLose,colt_pirate_lose.scw,,67,,,,,,
GunslingerPirateLoseloop,colt_pirate_lose.scw,68,-1,,,,,true,
GunslingerPirateProfile,colt_pirate_idle.scw,90,90,,,,,,
MaxWin,max_win.scw,,152,,,,,,5
MaxWinloop,max_win.scw,153,181,,,,,true,1
BeaLose,bea_lose.scw,,21,,,,,,
BeaLoseloop,bea_lose.scw,22,-1,,,,,true,
MaxLose,max_lose.scw,1,70,,,,,,
MaxLoseloop,max_lose.scw,71,100,,,,,true,
MaxPortrait,max_portrait.scw,,-1,,,,,true,
MaxReload,max_reload.scw,3,20,,,100,50,,spine_lower_s#0+L_clavicle_s#2+R_clavicle_s#2
MaxPushback,max_pushback.scw,,10,,50,100,50,,
GunslingerPirateReload,colt_pirate_idle.scw,,10,,,,100,,
PocoPirateLose,poco_pirate_lose.scw,,15,,,,,,
PocoPirateLoseloop,poco_pirate_lose.scw,15,-1,,,,,true,
GunslingerPiratePrimary,colt_pirate_attack.scw,,-1,,100,200,100,,spine_lower_s#3
GunslingerPirateRecoil,colt_pirate_recoil1.scw,1,10,,100,100,200,,spine_lower_s#4
GunslingerPirateRecoil2,colt_pirate_recoil2.scw,1,10,,100,100,200,,spine_lower_s#4
GunslingerPiratePushBack,colt_pirate_pushback.scw,,-1,,100,100,100,,5
8bitVirusIdle,8bit_virus_idle.scw,1,29,,100,100,,true,
8BitVirusWalk,8bit_virus_walk.scw,1,20,110,100,100,,true,1
8bitVirusAttack,8bit_virus_attack.scw,1,5,,50,,,,hips_s#4+L_front_leg_01_s#0+R_front_leg_01_s#0+L_back_leg_01_s#0+R_back_leg_01_s#0
8bitVirusRecoil,8bit_virus_attack.scw,5,-1,,,,250,,hips_s#5+L_front_leg_01_s#0+R_front_leg_01_s#0+L_back_leg_01_s#0+R_back_leg_01_s#0
8bitVirusReload,8bit_virus_reload.scw,,13,,,,150,,hips_s#1+L_front_leg_01_s#0+R_front_leg_01_s#0+L_back_leg_01_s#0+R_back_leg_01_s#0+L_clavicle_s#4+L_shoulder_s#4+L_elbow_s#4+L_forearm_twist_s#4+L_wrist_s#4+R_clavicle_s#0+R_shoulder_s#0+R_elbow_s#0
8bitVirusPushback,8bit_pushback.scw,,-1,,50,100,200,,
8bitVirusWin,8bit_virus_win.scw,1,127,,,,,,
8bitVirusWinloop,8bit_virus_win.scw,128,157,,,,,true,
8bitVirusLose,8bit_virus_lose.scw,1,99,,,,,,
8bitVirusLoseloop,8bit_virus_lose.scw,100,139,,,,,true,
BibiGamerIdle,bibi_gamer_idle.scw,1,29,,100,100,,true,
BibiGamerWalk,bibi_gamer_walk.scw,1,29,,120,200,,true,1
BibiGamerPrimary,bibi_gamer_attack.scw,1,51,,100,100,100,,R_gunbone_01_s#4+hips_s#4+L_upperLeg_s#0+R_upperLeg_s#0
BibiGamerSecondary,bibi_gamer_attack.scw,1,51,,100,100,100,,R_gunbone_01_s#4+hips_s#4+L_upperLeg_s#0+R_upperLeg_s#0
BibiGamerRecoil,bibi_gamer_attack.scw,22,51,,1,100,100,,R_gunbone_01_s#5+hips_s#5+L_upperLeg_s#0+R_upperLeg_s#0
BibiGamerPushback,bibi_gamer_pushback.scw,,-1,,100,100,100,,5
BibiGamerRecoil2,bibi_gamer_attack.scw,17,51,,100,100,100,,R_gunbone_01_s#5+hips_s#5+L_upperLeg_s#0+R_upperLeg_s#0
BibiGamerWin,bibi_gamer_win.scw,1,189,,100,,,,5
BibiGamerWinloop,bibi_gamer_win.scw,190,238,,,,,true,1
BibiGamerLose,bibi_gamer_lose.scw,1,29,,,,,,5
BibiGamerLoseloop,bibi_gamer_lose.scw,30,89,,,,,true,1
BibiGamerProfile,bibi_gamer_portrait.scw,1,10,,,,,true,5
TaraStreetninjaIdle,tara_streetninja_idle.scw,1,28,,200,,,true,5
TaraStreetninjaWalk,tara_streetninja_walk.scw,1,20,80,200,,200,true,1
TaraStreetninjaPrimary,tara_streetninja_attack.scw,1,4,,,,200,,hips_s#4+L_upperLeg_s#0+R_upperLeg_s#0
TaraStreetninjaRecoil,tara_streetninja_attack.scw,4,20,,,,200,,hips_s#5+L_upperLeg_s#0+R_upperLeg_s#0
TaraStreetninjaReload,tara_streetninja_idle.scw,1,12,,,,50,,
TaraStreetninjaSecondary,tara_streetninja_ult.scw,1,4,,,,200,,hips_s#4+L_upperLeg_s#0+R_upperLeg_s#0
TaraStreetninjaSecondaryRecoil,tara_streetninja_ult.scw,4,22,,,,200,,hips_s#5+L_upperLeg_s#0+R_upperLeg_s#0
TaraStreetninjaWin,tara_streetninja_win.scw,1,34,,,,,,5
TaraStreetninjaWinloop,tara_streetninja_win.scw,35,70,,,,,true,1
TaraStreetninjaLose,tara_streetninja_lose.scw,1,97,,,,,,
TaraStreetninjaLoseloop,tara_streetninja_lose.scw,98,-1,,,,,true,
TaraStreetninjaProfile,tara_streetninja_portrait.scw,,10,,,,,true,5
MrPIdle,mrp_idle.scw,,-1,,100,100,100,true,1
MrPWalk,mrp_walk.scw,1,-1,,100,100,100,true,
MrPAttack,mrp_attack.scw,,5,,,,,,R_gunbone_01_s#4+hips_s#4+L_upperLeg_s#0+R_upperLeg_s#0
MrPRecoil,mrp_attack.scw,6,20,,,,50,,R_gunbone_01_s#5+hips_s#5+L_upperLeg_s#0+R_upperLeg_s#0
MrPPetWalk,mrp_pet_walk.scw,-1,-1,,100,100,100,true,
MrPPetIdle,mrp_pet_idle.scw,-1,-1,,100,100,100,true,1
MrPSpawnerIdle,mrp_spawner_idle.scw,-1,-1,,,,,true,1
MrPSpawnerSpawn,mrp_spawner_spawn.scw,-1,84,,,,,,5
MrPSpawnerSpawnLoop,mrp_spawner_spawn.scw,84,100,,,,,true,1
MrPWin,mrp_win.scw,,110,,,,,,5
MrPWinloop,mrp_win.scw,111,-1,,,,,true,1
MrPLose,mrp_lose.scw,,45,,,,,,5
MrPLoseloop,mrp_lose.scw,46,61,,,,,true,1
MrPPushBack,mrp_idle.scw,,-1,,100,100,100,,5
8bitVirusProfile,8bit_virus_portrait.scw,,-1,,,,,,
MrPPortrait,mrp_portrait.scw,,-1,,,,,true,5
MrPAgentWin,mrp_agentp_win.scw,,110,,,,,,5
MrPAgentWinloop,mrp_agentp_win.scw,111,-1,,,,,true,1
SniperValentinesIdle,piper_valentines_idle.scw,1,41,,100,100,,true,
SniperValentinesWalk,piper_valentines_run.scw,1,20,,100,100,,true,1
SniperValentinesAttack,piper_valentines_attack.scw,1,12,,,,100,,hips_s#4+L_upperLeg_s#0+R_upperLeg_s#0+R_dress_01_s#0+L_dress_01_s#0+F_dress_01_s#0+B_dress_01_s#0
SniperValentinesRecoil,piper_valentines_attack.scw,1,25,,,,200,,hips_s#4+L_upperLeg_s#0+R_upperLeg_s#0+R_dress_01_s#0+L_dress_01_s#0+F_dress_01_s#0+B_dress_01_s#0
SniperValentinesReload,piper_valentines_idle.scw,,10,,100,100,500,,hips_s#4+L_upperLeg_s#0+R_upperLeg_s#0+R_dress_01_s#0+L_dress_01_s#0+F_dress_01_s#0+B_dress_01_s#0
SniperValentinesWin,piper_valentines_win.scw,1,114,,,,,,5
SniperValentinesWinloop,piper_valentines_win.scw,115,155,,,,,true,1
SniperValentinesLose,piper_valentines_lose.scw,1,61,,,,,,5
SniperValentinesLoseloop,piper_valentines_lose.scw,62,104,,,,,true,1
SproutIdle,sprout_idle.scw,,-1,,100,100,,true,
SproutWalk,sprout_walk.scw,,-1,,100,100,,true,1
SproutPrimary,sprout_attack.scw,,5,,,,,,body_s#3+L_wheel_s#0+R_wheel_s#0
SproutRecoil,sprout_attack.scw,5,30,,,,100,,body_s#4+L_wheel_s#0+R_wheel_s#0
SproutReload,sprout_reload.scw,,20,,100,100,100,,body_s#0+L_arm_01_s#4+L_wheel_s#0+R_wheel_s#0
SproutPushback,sprout_pushback.scw,,10,,50,100,100,,5
JackyIdle,jacky_idle.scw,1,45,,100,100,,true,
JackyWalk,jacky_walk.scw,1,-1,,100,100,,true,1
JackyAttack,jacky_attack.scw,6,20,,,,,true,3
JackyRecoil,jacky_attack.scw,6,20,,,,100,,4
JackySuper,jacky_super.scw,1,-1,120,,,100,true,3
JackySuperRecoil,jacky_super.scw,1,-1,120,,,100,true,4
DynamikeCoachIdle,dynamike_coach_idle.scw,,-1,,100,100,,true,0
DynamikeCoachWalk,dynamike_coach_walk.scw,1,29,150,100,100,,true,1
DynamikeCoachPrimary,dynamike_coach_attack.scw,1,5,,,,,,hips_s#3
DynamikeCoachSecondary,dynamike_coach_super.scw,1,5,,,,,,hips_s#3
DynamikeCoachRecoil,dynamike_coach_attack.scw,5,20,,,,100,,hips_s#3
DynamikeCoachReload,dynamike_coach_walk.scw,1,5,150,100,100,10,,spine_lower_s#0
DynamikeCoachUlti,dynamike_coach_super.scw,5,20,,,,100,,hips_s#3
DynamikeCoachPushback,dynamike_coach_pushback.scw,,-1,,100,100,100,,5
DynamikeCoachWin,dynamike_coach_win.scw,,84,,,,,,
DynamikeCoachWinloop,dynamike_coach_win.scw,85,156,,,,,true,
DynamikeCoachLose,dynamike_coach_lose.scw,,307,,,,,,
DynamikeCoachLoseloop,dynamike_coach_lose.scw,226,-1,,,,,true,
DynamikeCoachProfile,dynamike_coach_idle.scw,20,20,,,,,true,
JessieTanukiIdle,jessie_tanuki_idle.scw,,29,,100,100,,true,
JessieTanukiWalk,jessie_tanuki_walk.scw,,28,150,100,100,,true,1
JessieTanukiPrimary,jessie_tanuki_attack.scw,1,5,,,,100,,hips_s#3+L_upperLeg_s#0+R_upperLeg_s#0
JessieTanukiUltiAttack,jessie_tanuki_idle.scw,,-1,,200,200,10,true,5
JessieTanukiRecoil,jessie_tanuki_attack.scw,5,15,,,,100,,hips_s#4+L_upperLeg_s#0+R_upperLeg_s#0
JessieTanukiUltiRecoil,jessie_tanuki_idle.scw,,-1,,200,200,100,,5
JessieTanukiReload,jessie_tanuki_idle.scw,,-1,,200,200,200,,chest_s#2
JessieTanukiPushback,jessie_pushback.scw,,-1,,100,100,100,,5
JessieTanukiWin,jessie_tanuki_win.scw,1,107,,,,,,
JessieTanukiWinloop,jessie_tanuki_win.scw,107,139,,,,,true,
JessieTanukiLose,jessie_tanuki_lose.scw,1,56,,,,,,
JessieTanukiLoseloop,jessie_tanuki_lose.scw,56,70,,,,,true,
JessieTanukiProfile,jessie_portrait.scw,1,1,,,,,true,
BoFalconIdle,bo_falcon_idle.scw,1,29,,100,100,,true,
BoFalconWalk,bo_falcon_walk.scw,1,20,,100,100,,true,1
BoFalconAttack,bo_falcon_attack.scw,1,12,,,,100,,arrow1_s#3+hips_s#3+L_upperLeg_s#0+R_upperLeg_s#0
BoFalconSecondary,bo_falcon_attack.scw,1,12,,,,100,,arrow1_s#3+hips_s#3+L_upperLeg_s#0+R_upperLeg_s#0
BoFalconRecoil,bo_falcon_attack.scw,13,30,,,,200,,arrow1_s#4+hips_s#4+L_upperLeg_s#0+R_upperLeg_s#0
BoFalconRecoil2,bo_falcon_attack.scw,13,30,,,,200,,arrow1_s#4+hips_s#4+L_upperLeg_s#0+R_upperLeg_s#0
BoFalconWin,bo_falcon_win.scw,,174,,,,,,
BoFalconWinloop,bo_falcon_win.scw,175,322,,,,,true,
BoFalconLose,bo_falcon_lose.scw,,175,,,,,,
BoFalconLoseloop,bo_falcon_lose.scw,175,-1,,,,,true,
BoFalconProfile,bo_falcon_portrait.scw,1,1,,,,,true,
JackyHappy,jacky_win.scw,,122,,100,,,,
JackyHappyLoop,jacky_win.scw,123,171,,,,,true,
JackyLose,jacky_lose.scw,,-1,200,,,,,
JackyLoseloop,jacky_lose.scw,80,-1,,,,,true,
SproutWin,sprout_win.scw,,224,,,,,,
SproutWinloop,sprout_win.scw,225,-1,,,,,true,
SproutLose,sprout_lose.scw,,-1,,,,,,
SproutLoseloop,sprout_lose.scw,99,-1,,,,,true,
DarrylFootballIdle,darryl_fb_idle.scw,1,-1,,100,100,,true,
DarrylFootballWalk,darryl_fb_walk.scw,1,20,,100,100,,true,1
DarrylFootballPrimary,darryl_fb_attack.scw,,10,,100,100,100,,hips_s#3+L_upperLeg_s#0+R_upperLeg_s#0
DarrylFootballSecondary,darryl_fb_super.scw,,29,,1,1,1,true,5
DarrylFootballRecoil,darryl_fb_recoil_01.scw,1,10,,,100,100,,hips_s#4+L_upperLeg_s#0+R_upperLeg_s#0
DarrylFootballRecoil2,darryl_fb_recoil_02.scw,1,10,,,100,100,,hips_s#4+L_upperLeg_s#0+R_upperLeg_s#0
DarrylFootballReload,darryl_fb_idle.scw,,-1,,800,800,800,,hips_s#3+L_upperLeg_s#0+R_upperLeg_s#0
DarrylFootballPushback,darryl_pushback.scw,1,10,,50,100,200,,5
DarrylFootballWin,darryl_fb_win.scw,-1,70,,,,200,,
DarrylFootballWinloop,darryl_fb_win.scw,71,99,,,,,true,
DarrylFootballLose,darryl_fb_lose.scw,-1,-1,,,,200,,
DarrylFootballHide,darryl_fb_idle.scw,,-1,,200,200,100,true,
DarrylFootballLoseloop,darryl_fb_lose.scw,45,45,,,,,true,
DarrylFootballProfile,darryl_fb_win.scw,44,44,,,,,true,
SproutPortrait,sprout_portrait.scw,1,1,,,,,,
JackyPortrait,jacky_portrait.scw,1,1,,,,,,
,,,,,,,,,