Name,Colors,Speed,Scale
String,String,int,int
FreeOffer,0xFF9FFF72,40,100
,0xFF68E524,,
,0xFF68E524,,
,0xFF9FFF72,,
,0xFFE0FFA0,,
Golden,0xFFFFFABC,50,100
,0xFFFFD12E,,
,0xFFF29928,,
,0xFFFFD12E,,
Purple,0xFFFABCFF,50,100
,0xFFD12EFF,,
,0xFF9928F2,,
,0xFFD12EFF,,
DoubleTokenGold,0xFFFFDAAC,50,70
,0xFFFFD12E,,
,0xFFF29928,,
,0xFFFFD12E,,
Rainbow,0xFFFF1C00,40,100
,0xFFFEFF03,,
,0xFF14E300,,
,0x0000F0FC,,
,0xFF2500EE,,
,0xFFB300EB,,
,0xFFF100DA,,
Terminal,0xFF000000,60,100
,0xFF0F9B0F,,
Meridian,0xFF283C86,60,100
,0xFF45A247,,
Telegram,0xFF1C92D2,50,100
,0xFFF2FCFE,,
,,,