Name,FileName,Volume,Loop,PlayCount,FadeOutTimeSec,DurationSec
String,String,int,boolean,int,int,int
BattleMusic,music/Slugfest_ingame_02.ogg,70,true,,,60
,music/Slugfest_ingame_03.ogg,70,true,,,90
,music/Slugfest_ingame_04.ogg,70,true,,,57
,music/Slugfest_ingame_06.ogg,70,true,,,75
,music/Slugfest_ingame_01.ogg,70,true,,,60
,music/Slugfest_ingame_07.ogg,70,true,,,71
,music/Slugfest_ingame_08.ogg,70,true,,,57
Footbrawl_ingame_muzak,music/footbrawl_ingame_muzak_01.ogg,70,true,,,59
,music/footbrawl_ingame_muzak_02.ogg,70,true,,,62
Footbrawl_menu_muzak,music/footbrawl_menu_muzak_01.ogg,60,true,,,70
Snow_brawl,music/Snow_brawl_01.ogg,70,true,,,57
,music/Snow_brawl_02.ogg,70,true,,,65
,music/Snow_brawl_03.ogg,70,true,,,57
Cny_levels,music/cny_ingame_01.ogg,70,true,,,64
,music/cny_ingame_02.ogg,70,true,,,56
Retropolis_battle,music/retro_brawl_ingame_02.ogg,70,true,,,65
,music/retro_brawl_ingame_01.ogg,70,true,,,55
Retropolis_menu,music/brawl_retro_menu_01.ogg,60,true,,,66
Halloween_menu,music/brawloween_menu_01.ogg,60,true,,,80
Halloween_ingame,music/brawloween_ingame_01.ogg,70,true,,,52
,music/brawloween_ingame_02.ogg,70,true,,,56
Brawlcade_Menu,music/brawlcade_menu_01.ogg,60,true,,,57
Brawlcade_Ingame,music/brawlcade_ingame_01.ogg,70,true,,,57
,music/brawlcade_ingame_02.ogg,70,true,,,62
Xmas_Pirate_Menu,music/brawl_pirate_menu_01.ogg,60,true,,,67
Pirate_Brawl_Ingame,music/pirate_brawl_ingame_01.ogg,70,true,,,63
,music/pirate_brawl_ingame_02.ogg,70,true,,,71
MenuMusic,music/brawl_stars_menu_01.ogg,60,true,,,153
MechMenuMusic,music/mech_menu_01.ogg,60,true,,,78
Cnymenu_music,music/cny_brawl_menu_01.ogg,60,true,,,178
Brawl_royale_menu_music,music/royale_brawl_menu_01.ogg,60,true,,,91
Brawl_dawgs_menu,music/brawl_dawgs_menu_01.ogg,60,true,,,95
WinJingle,music/slugfest_game_won_01.ogg,80,,1,,
LoseJingle,music/slugfest_game_lost_01.ogg,70,,1,,
DrawJingle,music/laser_game_draw_01.ogg,70,,1,,
Win_loop,music/win_screen_loop_4x_01.ogg,60,true,,,30
Draw_loop,music/draw_screen_loop_4x_01.ogg,60,true,,,34
Lose_loop,music/lose_screen_loop_4x_01.ogg,60,true,,,28
Brawlbawl_goal,music/brawl_goal_02.ogg,80,,1,,
Brawlbawl_other_goal,music/brawl_other_goal_01.ogg,80,,1,,
30_sec_panic,music/brawl_panic_time_01.ogg,75,true,,,30
Brawl_xmas_flag_win,music/brawl_xmas_flag_win_01.ogg,70,,1,,
Brawl_xmas_flag_lose,music/brawl_xmas_flag_lose_01.ogg,70,,1,,
